"id";"application_id";"full_name";"date_of_birth";"age";"gender";"email";"phone";"father_name";"aadhar";"caste";"address";"ssc_year";"ssc_percentage";"inter_year";"inter_percentage";"degree_year";"degree_percentage";"position";"exam_center";"transaction_id";"photo_path";"signature_path";"status";"created_at";"updated_at";"pdf_path"1;"1";"Ramesh C";"1996-12-12";0;"Male";"ramesh.c@gmail.com";"9581114151";"Srinivas C";"123412341234";"BC";"Eluru, Near Engg College";2010;"8.7";2012;"88%";2015;"8.9";"";"Eluru";"1234567891234567";"/uploads/photos/1234567891234567_photo_1765128442.jpg";"/uploads/signature/1234567891234567_signature_1765128442.jpg";"";"2025-12-07 17:27:22";"2025-12-18 13:03:47";""2;"MAFO-20251218-2";"Venu Gopal Ch";"1998-12-02";0;"Male";"ch.venugolap@gmail.com";"9700970099";"Srinivas Ch";"1234 5678 1234";"BC-A";"Eluru, Near Engg College";2014;"7.8";2016;"89%";2019;"8";"";"Eluru";"1234123412341234";"/uploads/photos/1234123412341234_photo_1765128699.jpg";"/uploads/signature/1234123412341234_signature_1765128699.jpg";"";"2025-12-07 17:31:39";"2025-12-18 09:03:17";""3;"3";"Kandukuri Jhansi";"1993-08-06";0;"Female";"kandukurijp01@gmail.com";"9182804604";"K Kalyan kumar";"621341051939";"Boya";"6-4-236, Maruthi Nagar,3rd Cross, Opposite street to Panda mini mart, Anantapur";2008;"62";2012;"54";2014;"74";"";"Anantapur";"T2512072306575595737767";"/uploads/photos/T2512072306575595737767_photo_1765129056.jpg";"/uploads/signature/T2512072306575595737767_signature_1765129056.jpg";"";"2025-12-07 17:37:36";"2025-12-18 13:03:47";""4;"4";"MARAPELLI VEDANTH";"2002-12-25";0;"Male";"iammvedanth@gmail.com";"9390017972";"MARAPELLI BIXAPATHI";"549533399750";"SC";"H.no:9-82/2,SC Colony,CSI CHRUCH, Shayampet, Hanmakonda, Telangana 506319";2018;"9.0";2020;"8.96";2024;"8.091";"";"Warangal";"052237691952";"/uploads/photos/052237691952_photo_1765151575.jpg";"/uploads/signature/052237691952_signature_1765151575.jpg";"";"2025-12-07 23:52:55";"0000-00-00 00:00:00";""5;"5";"Darsipudi Akanksha";"2003-06-26";0;"Female";"darsipudiakanksha12@gmail.com";"9390284834";"Darsipudi Someswararao";"4399 9854 1479";"Oc";"D.no 9-169 opposite me seva polavaram road koyyalagudem";2019;"9.3";2021;"93";2025;"8.5";"";"Hyderabad";"115295689999";"/uploads/photos/115295689999_photo_1765159709.jpg";"/uploads/signature/115295689999_signature_1765159709.jpg";"";"2025-12-08 02:08:29";"0000-00-00 00:00:00";""6;"6";"M LAKSHMANNA";"1991-06-02";0;"Male";"reballakshman007@gmail.com";"9493855415";"M RANGASWAMY";"260015575173";"Sc-madiga";"6-84,RATANA ,TUGGALI,KURNOOL. 518380";2006;"50.5";2011;"48.8";2014;"62";"";"Ananthapuramu";"317384103521";"/uploads/photos/317384103521_photo_1765159831.jpg";"/uploads/signature/317384103521_signature_1765159831.jpg";"";"2025-12-08 02:10:31";"0000-00-00 00:00:00";""7;"7";"M LAKSHMANNA";"1991-06-02";0;"Male";"reballakshman007@gmail.com";"9493855415";"M RANGASWAMY";"2600-1557-5173";"SC-MADIGA";"6-84,RATANA,TUGGALI,KURNOOL. 518380";2006;"50.5";2010;"48.8";2014;"62";"";"Ananthapuramu";"317384103521";"/uploads/photos/317384103521_photo_1765160054.jpg";"/uploads/signature/317384103521_signature_1765160054.jpg";"";"2025-12-08 02:14:14";"0000-00-00 00:00:00";""8;"8";"M LAKSHMANNA";"1991-06-02";0;"Male";"reballakshman007@gmail.com";"9493855415";"M RANGASWAMY";"2600-1557-5173";"SC-MADIGA";"6-84,RATANA,TUGGALI,KURNOOL. 518380";2006;"50.5";2010;"48.8";2014;"62";"";"Ananthapuramu";"317384103521";"/uploads/photos/317384103521_photo_1765160106.jpg";"/uploads/signature/317384103521_signature_1765160106.jpg";"";"2025-12-08 02:15:06";"0000-00-00 00:00:00";""9;"9";"MULLANGI REDDEMMA";"2002-08-10";0;"Female";"reddyvanimullangi@gmail.com";"9550430331";"MULLANGI VENKATARAMANA";"503599308427";"SC";"3-52 kondakindha palle vagalla Kambhamvaripalle Chittoor Aandhrapradesh 517213";2017;"9.5";2019;"7.1";2023;"8.2";"";"Tirupati";"T2512080745288418820073/320790182978";"/uploads/photos/T2512080745288418820073_320790182978_photo_1765160602.jpg";"/uploads/signature/T2512080745288418820073_320790182978_signature_1765160602.jpg";"";"2025-12-08 02:23:22";"0000-00-00 00:00:00";""10;"10";"SIDHAM ABHISHEKH";"1993-04-23";0;"Male";"sidhamabhishekh@gmail.com";"8985331933";"Sidham prakash rao";"277830129858";"Sc";"42/381-7,bhagyanagar  colony,kadapa, Andhra Pradesh,516002";2009;"64";2011;"60";2017;"65";"";"YSR Kadapa";"T2512080801529794017162";"/uploads/photos/T2512080801529794017162_photo_1765161153.jpg";"/uploads/signature/T2512080801529794017162_signature_1765161153.jpg";"";"2025-12-08 02:32:33";"0000-00-00 00:00:00";""11;"11";"Jenny stella thommandra";"2000-08-26";0;"Female";"stellashalemmadiki@gmail.com";"9951742265";"Chinni babu thommandra";"599649234608";"Bc-C";"Sc peta , ameenabad , uppada post , kothapalli mandal , east Godavari district Andhra Pradesh, 533448";2016;"82%";0;"78.1%";0;"";"";"Srikakulam";"T2512080820082481598851- UTR -988462919941";"/uploads/photos/T2512080820082481598851__UTR__988462919941_photo_1765162479.jpg";"/uploads/signature/T2512080820082481598851__UTR__988462919941_signature_1765162479.jpg";"";"2025-12-08 02:54:39";"0000-00-00 00:00:00";""12;"12";"KATRAVATH DEVAKI BAI";"2004-01-02";0;"Female";"devakibaiba@gmail.com";"7671018692";"KATRAVATH KASANNA NAIK";"709871195786";"ST";"4-62
Nallakaluva villege
Atmakur mandal
Nandyal dist, AP
518422";2018;"8.8";2020;"73";2023;"82";"";"Kurnool";"663086096633";"/uploads/photos/663086096633_photo_1765162553.jpg";"/uploads/signature/663086096633_signature_1765162553.jpg";"";"2025-12-08 02:55:53";"0000-00-00 00:00:00";""13;"13";"GANGAPALLI ARUNA";"1995-06-05";0;"Female";"arunapalepalli92@gmail.com";"6305722739";"G NARASIMHA REDDY";"794542455140";"OC";"MARAVAKOTHA PALLI, CHILAMATHUR MANDAL, SRI SATHYA SAI DIST.,A.P.";2011;"54";2013;"62";2016;"84";"";"Sri Sathya Sai";"189044843585";"/uploads/photos/189044843585_photo_1765163821.jpg";"/uploads/signature/189044843585_signature_1765163821.jpg";"";"2025-12-08 03:17:01";"0000-00-00 00:00:00";""14;"14";"MALICHETLA EDIGA RAJESH";"2002-09-16";0;"Male";"rajeshgoudr71@gmail.com";"6304449207";"MALICHETLA EDIGA LAKSHMINARAYANA";"741206735738";"Bc-b ediga";"Bingidoddi (v) veldhurthy ( M) kurnool (D)";2019;"6.2";2021;"47%";2025;"7.0";"";"Kurnool";"570880461036";"/uploads/photos/570880461036_photo_1765165440.jpg";"/uploads/signature/570880461036_signature_1765165440.jpg";"";"2025-12-08 03:44:00";"0000-00-00 00:00:00";""15;"15";"Shaik Karishma";"1994-06-28";0;"Female";"karishmashaik434@gmail.com";"7989634525";"Shaik Mohammad Rafi";"309458048843";"BC-E";"Hno: 22/108 Panpatti 
Nandyal 
518501";2009;"82 Percent";2011;"78.4 Perce";2015;"78.7 Perce";"";"Nandyal";"115655250443";"/uploads/photos/115655250443_photo_1765166299.jpg";"/uploads/signature/115655250443_signature_1765166299.jpg";"";"2025-12-08 03:58:19";"0000-00-00 00:00:00";""16;"16";"MOUDHUPALLI LOKESHCHOWDARY";"1997-09-02";0;"Male";"m.lokeshchowdary14@gmail.com";"8309461802";"moudhupalli venkata rangaiah";"746720003331";"oc";"6-2-399 kovurnagar anantapur";2012;"80";2014;"76.3";2015;"72.8";"";"Anantapur";"578581689409";"/uploads/photos/578581689409_photo_1765166742.jpeg";"/uploads/signature/578581689409_signature_1765166742.jpeg";"";"2025-12-08 04:05:42";"0000-00-00 00:00:00";""17;"17";"POMMALA TEJA VAMSI RAM";"1999-07-05";0;"Male";"pommalatejavamsi@gmail.com";"9052331967";"POMMALA SUBBARAYUDU";"680657079063";"SC";"9/62
YPGPALLI
PATUR,NANDALUR,ANNAMAYYA,ANDHRA PRADESH-516150";2014;"8.5";2017;"68.71";2022;"65.79";"";"YSR Kadapa";"534203273223";"/uploads/photos/534203273223_photo_1765167014.jpg";"/uploads/signature/534203273223_signature_1765167014.jpg";"";"2025-12-08 04:10:14";"0000-00-00 00:00:00";""18;"18";"POMMALA TEJA VAMSI RAM";"1999-07-05";0;"Male";"pommalatejavamsi@gmail.com";"9052331967";"POMMALA SUBBARAYUDU";"680657079063";"SC";"9/62,
YPGPALLI,
PATUR,NANDALUR,ANNAMAYYA,ANDHRAPRADESH-516150";2014;"8.5";2017;"68.71";2022;"65.79";"";"YSR Kadapa";"534263865038";"/uploads/photos/534263865038_photo_1765167371.jpg";"/uploads/signature/534263865038_signature_1765167371.jpg";"";"2025-12-08 04:16:11";"0000-00-00 00:00:00";""19;"19";"GUNTA ANILKUMAR";"1998-07-09";0;"Male";"guntaanilkumar4003@gmail.com";"8332831672";"GUNTA KAMESWARA RAO";"514289723583";"ST ( KOTIA)";"D.Chintalaveedhi Village Hukumpeta post & Mandal
Alluriseetharamaraju District 
Andhra Pradesh 
531077";2013;"7.2";2015;"66.8";2021;"55.8";"";"Alluri Sitharama Raju";"116879724714";"/uploads/photos/116879724714_photo_1765167744.jpg";"/uploads/signature/116879724714_signature_1765167744.jpg";"";"2025-12-08 04:22:24";"0000-00-00 00:00:00";""20;"20";"NAGAVARAPU ANUSHA";"1998-01-08";0;"Female";"anusha.agrineer08@gmail.com";"8985775365";"NAGAVARAPU KRISHNA MURTHY";"891825846788";"OC";"D.No 12-1-36
Kollapudi Vari Street
Bapatla";2013;"10";2015;"97.3";2019;"87";"";"Bapatla";"534207677453";"/uploads/photos/534207677453_photo_1765168827.jpg";"/uploads/signature/534207677453_signature_1765168827.jpg";"";"2025-12-08 04:40:27";"0000-00-00 00:00:00";""21;"21";"DAMALACHERUVU KUMARA SWAMY";"1999-06-14";0;"Male";"kumarswmyd06@gmail.com";"8464998465";"D MOHANA";"258764117880";"BC -A";"18-2, DIGUVA STREET,
CHINNAGOTTIGALLU POST
CHINNAGOTTIGALLU MANDAL
TIRTUPATI-517193";2014;"90";2016;"83";2020;"75";"";"Tirupati";"T2512081021140259229292";"/uploads/photos/T2512081021140259229292_photo_1765169734.jpeg";"/uploads/signature/T2512081021140259229292_signature_1765169734.jpg";"";"2025-12-08 04:55:34";"0000-00-00 00:00:00";""22;"22";"KATHIVARI RAMADEVI";"1992-06-10";0;"Female";"ramadevirampam@gmail.com";"9491995846";"KATHIVARI SREENIVASULU";"566886246278";"BC-A";"00,diguva street, Chinnagottigallu,post
chinnagottigallu mnadal 
tiruapti-517193";2007;"74";2009;"60";2013;"64";"";"Tirupati";"T2512081036522366369103";"/uploads/photos/T2512081036522366369103_photo_1765170452.jpeg";"/uploads/signature/T2512081036522366369103_signature_1765170452.jpeg";"";"2025-12-08 05:07:32";"0000-00-00 00:00:00";""23;"23";"KAKULA CHANDRA";"1988-07-14";0;"Male";"CHANDU.CHANDRA906@GMAIL.COM";"9398477981";"K SUBBARAYUDU";"877627239933";"OC";"6/10 NARAYANAPALLI(V) SANAGALAGUDURU(PO) PUTLURU(M) ANANTAPUR(D) ANDHRAPRADESH";2003;"55";2005;"55";2009;"65";"";"Anantapur";"171322661504";"/uploads/photos/171322661504_photo_1765170557.jpg";"/uploads/signature/171322661504_signature_1765170557.jpg";"";"2025-12-08 05:09:17";"0000-00-00 00:00:00";""24;"24";"NAKKA ARCHANA";"2004-03-24";0;"Female";"narchana479@gmail.com";"9490073803";"Nakka appalaraju";"854401926736";"BCD (turukapu)";"Gollalametaa yeleswram
Yeleswram mandal kakinda district
D NO  17-134/B";2021;"8.3%";0;"7.92%";0;"";"";"Kakinada";"142505599723";"/uploads/photos/142505599723_photo_1765171405.jpg";"/uploads/signature/142505599723_signature_1765171405.jpg";"";"2025-12-08 05:23:25";"0000-00-00 00:00:00";""25;"25";"YARAMALA VIJAYAKUMARI";"2003-07-15";0;"Female";"yaramalakumari6@gmail.com";"6300432835";"YARAMALA RANGANNA";"922276315803";"SC MALA";"H NO: 9-250, KOLLAFAORM, GOVINDAPALLE VILLAGE, SIRVEL MANDAL, NANDYAL DIST,ANDHRAPADESH,PINCODENO: 518502.";2018;"8.5";2020;"5.4";2024;"7.3";"";"Nandyal";"313568671463";"/uploads/photos/313568671463_photo_1765172193.jpeg";"/uploads/signature/313568671463_signature_1765172193.jpeg";"";"2025-12-08 05:36:33";"0000-00-00 00:00:00";""26;"26";"Krishna Nikhitha";"2005-03-24";0;"Female";"nikithanair7842@gmail.com";"8247253160";"Krishna Vishwanath";"9292 6091 5161";"OC";"8-1-154/2, mylardevpally, 500005";2020;"10";2022;"96";0;"";"";"Ranga Reddy";"T2512081109199966907655";"/uploads/photos/T2512081109199966907655_photo_1765172910.jpeg";"/uploads/signature/T2512081109199966907655_signature_1765172910.jpg";"";"2025-12-08 05:48:30";"0000-00-00 00:00:00";""27;"27";"Ullithala Guraiah";"1998-05-20";0;"Male";"ullithulaguraiah123@gmail.com";"6300019457";"ULLITHALA NAGULAIAH";"612133808653";"BC-A ,Bestha";"1/62, Besthapalli ,Chinnamandem, Andhra Pradesh, India, 516214";2013;"9.2";2015;"71";2018;"80";"";"Annamayya";"075771870250";"/uploads/photos/075771870250_photo_1765173114.jpg";"/uploads/signature/075771870250_signature_1765173114.jpg";"";"2025-12-08 05:51:54";"0000-00-00 00:00:00";""28;"28";"Pujari Harikrishna";"2004-08-10";0;"Male";"harirx1220@gmail.com";"6302535325";"";"";"";"";2020;"88";2022;"59.5";2025;"";"";"Alluri Sitharama Raju";"T2512081130478053569091";"/uploads/photos/T2512081130478053569091_photo_1765173726.jpg";"/uploads/signature/T2512081130478053569091_signature_1765173726.jpg";"";"2025-12-08 06:02:06";"0000-00-00 00:00:00";""29;"29";"GOLLA SHARADA";"2005-06-26";0;"Female";"saleendrahari95810@google.com";"9581055607";"G. CHINNA RANGANNA";"291179996990";"BC/D";"1/47, VIRUPAPURAM (V), ADONI (M), KURNOOL (DT)";2020;"9.8";2022;"8.5";0;"";"";"Kurnool";"T2512081127237159764485";"/uploads/photos/T2512081127237159764485_photo_1765173756.jpg";"/uploads/signature/T2512081127237159764485_signature_1765173756.jpg";"";"2025-12-08 06:02:36";"0000-00-00 00:00:00";""30;"30";"Putta.Siva sankar";"2002-06-05";0;"Male";"puttasiva741@gmail.com";"7416456992";"Putta.Vijay kumar";"246398296349";"Sc";"New krishna nagar, RLY Koduru,Annamayya district, Andhra Pradesh.";2017;"8.3";2019;"7.34";2025;"8.0";"";"Tirupati";"T2512081130536901726148";"/uploads/photos/T2512081130536901726148_photo_1765173801.jpg";"/uploads/signature/T2512081130536901726148_signature_1765173801.jpg";"";"2025-12-08 06:03:21";"0000-00-00 00:00:00";""31;"31";"MUTCHINTALA KRISHNA";"1994-05-19";0;"Male";"muchintalakrishna143@gmail.com";"6300788767";"MUTCHINTALA SUBBA RAO";"496527260861";"BC-A";"TUNIKIPADU VILLAGE GAMPALAGUDEM MANDALM N T R DIST ANDHARA PRADESH";2009;"70";2016;"78.22";0;"";"";"Khammam";"UTR NO";"/uploads/photos/UTR_NO_photo_1765174695.jpg";"/uploads/signature/UTR_NO_signature_1765174695.jpg";"";"2025-12-08 06:18:15";"0000-00-00 00:00:00";""32;"32";"MUTCHINTALA KRISHNA";"1994-05-19";0;"Male";"muchintalakrishna143@gmail.com";"6300788767";"MUTCHINTALA SUBBA RAO";"496527260861";"BC-A";"H NO;2-9 TUNIKIPADU VILLAGE GAMAPALAGUDEM MDL N T R DIST";2009;"70";2016;"78.22";0;"";"";"Khammam";"UTR NO;522059050177";"/uploads/photos/UTR_NO_522059050177_photo_1765174935.jpg";"/uploads/signature/UTR_NO_522059050177_signature_1765174935.jpg";"";"2025-12-08 06:22:15";"0000-00-00 00:00:00";""33;"33";"Rizwana begum";"1992-04-25";0;"Female";"ks8733214@gmail.com";"7569388180";"Shaik ahmed";"370802695957";"Muslim BC";"Rikshaw colony
Golden mini function hall
Main road";2008;"60";2011;"74";2015;"69";"";"Adilabad";"534217384849";"/uploads/photos/534217384849_photo_1765175220.jpg";"/uploads/signature/534217384849_signature_1765175220.jpg";"";"2025-12-08 06:27:00";"0000-00-00 00:00:00";""34;"34";"BHAJANTHRI NARESH";"1989-04-08";0;"Male";"lalithanaresh837@gmail.com";"9959015290";"B.NAGARAJU";"699103102342";"BC-A";"GORANTLA(M)(T)(P)VINAYAKA NAGAR,D/N 2/914,
SRI SATHYA SAI(D)ANDHARA PRADESH,(515231)
9959015290.";0;"65";0;"53.7";0;"75";"";"Sri Sathya Sai";"016340489223";"/uploads/photos/016340489223_photo_1765175402.jpg";"/uploads/signature/016340489223_signature_1765175402.jpg";"";"2025-12-08 06:30:02";"0000-00-00 00:00:00";""35;"35";"DIMILI APPANNA";"1999-06-12";0;"Male";"chinna1432appu@gmail.com";"9182341540";"DIMILI CHINNARAO";"560919521842";"ST(Kapu Savara)";"BURIKIPETA VILLAGE, TIDDIMI POST, PATHAPATNAM MANDAL, SRIKAKULAM DISTRICT, 532213";2014;"8.3";2016;"77%";0;"";"";"Srikakulam";"534291294598";"/uploads/photos/534291294598_photo_1765175510.jpg";"/uploads/signature/534291294598_signature_1765175510.jpg";"";"2025-12-08 06:31:50";"0000-00-00 00:00:00";""36;"36";"Shaik Arshad";"1998-10-10";0;"Male";"ks8733214@gmail.com";"9441626431";"Shaik ahmed";"396688372781";"Muslim Bc";"Rikshaw colony
Golden mini function hall
Main road";2014;"94";2016;"87";2019;"83";"";"Adilabad";"534218864932";"/uploads/photos/534218864932_photo_1765175625.jpg";"/uploads/signature/534218864932_signature_1765175625.jpg";"";"2025-12-08 06:33:45";"0000-00-00 00:00:00";""37;"37";"Waghmare Dhanalaxmi";"2001-06-08";0;"Female";"waghmaredlg@gmail.com";"9502838412";"Waghmare Ganapathi";"946213853691";"SC";"1-117
Ghanpur 
Boath Mandal 
Adilabd -504304";2016;"8.3";2018;"93.10";2023;"84.98";"";"Adilabad";"aakas70132811@barodampay";"/uploads/photos/aakas70132811_barodampay_photo_1765175843.jpg";"/uploads/signature/aakas70132811_barodampay_signature_1765175843.jpg";"";"2025-12-08 06:37:23";"0000-00-00 00:00:00";""38;"38";"PANUGANTI ENOSHAN RAJU";"1998-05-02";0;"Male";"rajupanuganti007@gmail.com";"8500033051";"PANUGANTI MELKISHADAK SHARON RAJU";"505549721259";"SC MADIGA";"5-29 PAPINENIPALLI VILLAGE AND POST ARDHAVEEDU MANDAL PRAKASAM DISTRICT, A.P - 523335";2013;"87";2015;"64.8";2020;"63";"";"Prakasam";"858312992136";"/uploads/photos/858312992136_photo_1765176006.jpg";"/uploads/signature/858312992136_signature_1765176006.jpg";"";"2025-12-08 06:40:06";"0000-00-00 00:00:00";""39;"39";"Waghmare Dhanalaxmi";"2001-06-08";0;"Female";"waghmaredlg@gmail.com";"9502838412";"Waghmare Ganapathi";"946213853691";"SC";"1-117
Ghanpur 
Boath Mandal 
Adilabd -504304";2016;"8.3";2018;"93.10";2023;"84.98";"";"Adilabad";"aakas70132811@barodampay";"/uploads/photos/aakas70132811_barodampay_photo_1765176025.jpg";"/uploads/signature/aakas70132811_barodampay_signature_1765176025.jpg";"";"2025-12-08 06:40:25";"0000-00-00 00:00:00";""40;"40";"BHAJANTHRI NARESH";"1989-04-08";0;"Male";"lalithanaresh837@gmail.com";"9959015290";"B.NAGARAJU";"699103102342";"BC-A";"GORANTLA(M)(T)(P)VINAYAKA NAGAR,D/N;-2/914,
SRI SATHYA SAI(D)ANDHRA PRADESH(515231)
9959015290.";0;"65";0;"53.7";0;"75";"";"Sri Sathya Sai";"051542509479";"/uploads/photos/051542509479_photo_1765176129.jpg";"/uploads/signature/051542509479_signature_1765176129.jpg";"";"2025-12-08 06:42:09";"0000-00-00 00:00:00";""41;"41";"R.kalpana";"2003-02-04";0;"Female";"rrkalpana766@gmail.com";"6281291117";"R.sudhakara";"293077616267";"Bc -A";"Rachinepalli village kokkanti post Tanakallu mandal ananthapur District andhra pradesh";2018;"9.8";2021;"8.98";0;"";"";"Anantapur";"174465243425";"/uploads/photos/174465243425_photo_1765176552.jpg";"/uploads/signature/174465243425_signature_1765176552.jpg";"";"2025-12-08 06:49:12";"0000-00-00 00:00:00";""42;"42";"PANUGANTI ENOSHAN RAJU";"1998-05-02";0;"Male";"rajupanuganti007@gmail.com";"8500033051";"PANUGANTI MELKISHADAK SHARON RAJU";"";"SC MADIGA";"5-29 PAPINENIPALLI VILLAGE AND POST ARDHAVEEDU MANDAL PRAKASAM DISTRICT A.P-523335";2013;"87";2015;"64.8";2020;"63";"";"Prakasam";"977449992808";"/uploads/photos/977449992808_photo_1765176622.jpg";"/uploads/signature/977449992808_signature_1765176622.jpg";"";"2025-12-08 06:50:22";"0000-00-00 00:00:00";""43;"43";"NAKKA HARI NATH";"2006-03-17";0;"Male";"yharinath545@gmail.com";"9676899513";"NAKKA CHINNA NARAYANA";"7918 1835 9769";"BC d";"D/NO 1/117 MYLAVARAM MANDAL MYLAVARAM YSR KADAPA DISTRICT";0;"79.17%";2021;"8.14";0;"";"";"YSR Kadapa";"409493773459";"/uploads/photos/409493773459_photo_1765176749.jpg";"/uploads/signature/409493773459_signature_1765176749.jpg";"";"2025-12-08 06:52:29";"0000-00-00 00:00:00";""44;"44";"Waghmare Dhanalaxmi";"2001-06-08";0;"Female";"waghmaredlg@gmail.com";"9502838412";"Waghmare Ganapathi";"946213853691";"SC";"1-117
Ghanpur 
Boath Mandal 
Adilabd -504304";2016;"8.3";2018;"93.10";2023;"84.98";"";"Adilabad";"T2512081219221532915313";"/uploads/photos/T2512081219221532915313_photo_1765176779.jpg";"/uploads/signature/T2512081219221532915313_signature_1765176779.jpg";"";"2025-12-08 06:52:59";"0000-00-00 00:00:00";""45;"45";"GOURI HAREESH";"2004-08-11";0;"Male";"harishgouri18@gmail.com";"9390184064";"GOURI SWAMY";"692195204584";"BC-D(MUDHIRAJ)";"Village: Thippanagulla,Mandal: Nizampet, Dist:Medak, Pincode:502102";2019;"9.5";2021;"9.10";0;"";"";"Khammam";"T2512081211164644340800";"/uploads/photos/T2512081211164644340800_photo_1765176848.jpg";"/uploads/signature/T2512081211164644340800_signature_1765176848.jpg";"";"2025-12-08 06:54:08";"0000-00-00 00:00:00";""46;"46";"BHAJANTHRI NARESH";"1989-04-08";0;"Male";"lalithanaresh837@gmail.com";"9959015290";"B.NAGARAJU";"699103102342";"BC-A";"GORANTLA,VINAYAKA NAGAR,2/914
SRI SATHYA SAI(D)
ANDHRA PRADESH
515231";0;"65";0;"53.7";0;"75";"";"Sri Sathya Sai";"016340489223";"/uploads/photos/016340489223_photo_1765176920.jpg";"/uploads/signature/016340489223_signature_1765176920.jpg";"";"2025-12-08 06:55:20";"0000-00-00 00:00:00";""47;"47";"PANUGANTI ENOSHAN RAJU";"1998-05-02";0;"Male";"rajupanuganti007@gmail.com";"8500033051";"PANUGANTI MELKISHADAK SHARON RAJU";"505549721259";"SC MADIGA";"5-29 PAPINENIPALLI VILLAGE AND POST ARDHAVEEDU MANDAL PRAKASAM DISTRICT A.P-523335";2013;"87";2015;"64.8";2020;"63";"";"Prakasam";"799196099142";"/uploads/photos/799196099142_photo_1765177157.jpg";"/uploads/signature/799196099142_signature_1765177157.jpg";"";"2025-12-08 06:59:17";"0000-00-00 00:00:00";""48;"48";"PANUGANTI ENOSHAN RAJU";"1998-05-02";0;"Male";"rajupanuganti007@gmail.com";"8500033051";"PANUGANTI MELKISHADAK SHARON RAJU";"505549721259";"SC MADIGA";"5-29 PAPINENIPALLI VILLAGE AND POST ARDHAVEEDU MANDAL PRAKASAM DISTRICT A.P-523335";2013;"87";2015;"64.8";2020;"63";"";"Prakasam";"434413074650";"/uploads/photos/434413074650_photo_1765177339.jpg";"/uploads/signature/434413074650_signature_1765177339.jpg";"";"2025-12-08 07:02:19";"0000-00-00 00:00:00";""49;"49";"JAMPULA LAKSHMI PRASANNA";"2003-04-04";0;"Female";"jampulalakshmiprasanna2003@gmail.com";"9182944368";"JAMPULA DIVAKAR";"281662758110";"BC-A";"HOUSE NUMBER:87/1201-H-30
SOMISETTY NAAGR, ANMOL BUILDING
KURNOOL.";2018;"9.7";2020;"9.22";2025;"7.93";"";"Kurnool";"713057265471";"/uploads/photos/713057265471_photo_1765178074.jpeg";"/uploads/signature/713057265471_signature_1765178074.jpeg";"";"2025-12-08 07:14:34";"0000-00-00 00:00:00";""50;"50";"Waghmare Dhanalaxmi";"2001-06-08";0;"Female";"waghmaredlg@gmail.com";"9502838412";"Waghmare Ganapathi";"946213853691";"SC";"1-117
Ghanpur 
Boath Mandal 
Adilabd -504304";2016;"8.3";2018;"93.10";2023;"84.98";"";"Adilabad";"T2512081243277853162882";"/uploads/photos/T2512081243277853162882_photo_1765178114.jpg";"/uploads/signature/T2512081243277853162882_signature_1765178114.jpg";"";"2025-12-08 07:15:14";"0000-00-00 00:00:00";""51;"51";"B NAGARJUNA";"1987-05-05";0;"Male";"nagarjuna1.bille@gmail.com";"9059992791";"B ADISESHAIAH";"629467947117";"Bc-B (Kuruba)";"D. No:16-431
Umanagar
Anantapuramu";0;"51.6%";0;"64.7%";0;"61%";"";"Anantapur";"T2512081233407054154559";"/uploads/photos/T2512081233407054154559_photo_1765178782.jpg";"/uploads/signature/T2512081233407054154559_signature_1765178782.jpg";"";"2025-12-08 07:26:22";"0000-00-00 00:00:00";""52;"52";"KALUPUKURI CHINNA BABU";"1992-10-05";0;"Male";"kalupukribabu@gmail.com";"9505169927";"KALUPUKURI PAKKIRAPPA";"711220523530";"BC-B";"12-28,NARASINGARAYUNIPALLI,CHENNEKOTHAPALLI,SRI SATYA SAI, 515651";2009;"75";2011;"42.3";2015;"70";"";"Sri Sathya Sai";"T2512081255244400353926";"/uploads/photos/T2512081255244400353926_photo_1765178796.jpg";"/uploads/signature/T2512081255244400353926_signature_1765178796.jpg";"";"2025-12-08 07:26:36";"0000-00-00 00:00:00";""53;"53";"ESUKAPALLE NAGESWARAMMA";"1999-06-14";0;"Female";"nageswarammaesukapalle@gmail.com";"8374522972";"ESUKAPALLE CHINNA SUBBARAYUDU";"968557172713";"OBC";"H NO 8-49-A,KOMMURU KOTTALA VILLAGE,BETHAMCHERLA BANDALAM,KURNOOL,ANDHRA PRADESH-518598";2014;"8.7";2016;"87.3";0;"";"";"Nandyal";"T2512081311375944135458";"/uploads/photos/T2512081311375944135458_photo_1765179895.jpg";"/uploads/signature/T2512081311375944135458_signature_1765179895.jpg";"";"2025-12-08 07:44:55";"0000-00-00 00:00:00";""54;"54";"POTHURAJU PRAGNA";"2003-11-08";0;"Female";"pothurajupragna@gmail.com";"9390462974";"POTHRAJU SRINIVASA RAO";"830159142796";"BC-B";"11-106-8 NEAR DHANALAKSHMI RICE MILL BACKSIDE KOTHAPETA CHIRALA -523155";2019;"9.8";2021;"9.12";2025;"8.21";"";"Prakasam";"734830461553";"/uploads/photos/734830461553_photo_1765181217.jpg";"/uploads/signature/734830461553_signature_1765181217.jpg";"";"2025-12-08 08:06:57";"0000-00-00 00:00:00";""55;"55";"PALTHE MALLIKARJUNA NAIK";"1990-06-05";0;"Male";"arjun70056@gmail.com";"9490070056";"P KRUSHNA NAIK";"577558257157";"ST";"5-11
Gundalanattu villege
Pamulapadu mandal
Nandyala dist, AP
518533";2005;"65";2007;"56";2010;"72";"";"Kurnool";"380086664949";"/uploads/photos/380086664949_photo_1765181734.jpg";"/uploads/signature/380086664949_signature_1765181734.jpg";"";"2025-12-08 08:15:34";"0000-00-00 00:00:00";""56;"57";"DASARI SURESH";"1998-05-10";0;"Male";"dasarisuresh686@gmail.com";"8074444762";"Dasari kondappa";"827486686350";"BC-B";"ChintalaiahgaripallivBukkapatnamm AnantapurDt AndhraPradesh  515154";2014;"7.2";2016;"7.1";2021;"7.0";"";"Sri Sathya Sai";"T2512081440254858379288";"/uploads/photos/T2512081440254858379288_photo_1765185547.jpg";"/uploads/signature/T2512081440254858379288_signature_1765185547.jpg";"";"2025-12-08 09:19:07";"0000-00-00 00:00:00";""57;"58";"K DAMODHARA REDDY";"1986-04-15";0;"Male";"kdamodhar1986@gmail.com";"9494542862";"K PURUSHOTHAMA REDDY";"912214785468";"OC";"1/275,PATHAPALLI(V&P),YELLANUR(MANDAL),ANATHAPURAMU(DIST)-516464";2001;"63.5";2003;"51.9";2012;"58.55";"";"YSR Kadapa";"744666760099";"/uploads/photos/744666760099_photo_1765186354.jpeg";"/uploads/signature/744666760099_signature_1765186354.jpeg";"";"2025-12-08 09:32:34";"0000-00-00 00:00:00";""58;"59";"KUMMARI THULASI";"2005-07-21";0;"Female";"anveshkanvesh9@gmail.com";"7569873279";"K MALLESH";"757777779259";"BC-B KUMMARI";"H NO 4-28 RAGIMAN DODDI VILLAGE DODIMEKALA POST PEDDA KADUBUR MANDAL 518323";2020;"100";2022;"82.9";0;"";"";"Kurnool";"T2512081514141800057813";"/uploads/photos/T2512081514141800057813_photo_1765187357.jpg";"/uploads/signature/T2512081514141800057813_signature_1765187357.jpg";"";"2025-12-08 09:49:17";"0000-00-00 00:00:00";""59;"60";"KATTHE DHANALAKSHMI";"2006-02-12";0;"Female";"dl3253703@gmail.com";"8639131585";"KATTHE PEDDANNA";"210835908095";"KURUBA";"D NO 2-443 PEDDAMMA GUDI BUKKARAYASAMUDRAM VILLAGE AND MANDAL ANANTHAPURAMU";2021;"96";2023;"71.9";0;"";"";"Ananthapuramu";"T2512081524439464685240";"/uploads/photos/T2512081524439464685240_photo_1765187775.jpg";"/uploads/signature/T2512081524439464685240_signature_1765187775.jpg";"";"2025-12-08 09:56:15";"0000-00-00 00:00:00";""60;"61";"CHELLINGI SURYA TEJA";"2002-08-19";0;"Male";"ch.suryateja2002@gmail.com";"6305409479";"CHELLINGI GANGADHARA RAO";"466309672891";"BC-B SETTIBALIJA";"8-87/2, NEAR PETROL BUNK, MAMIDIKUDURU MANDAL, NAGARAM, DR B R AMBEDKAR KONASEEMA, ANDHRA PRADESH, 533247";2018;"9.8";2021;"80.65";2025;"66";"";"Dr. B. R. Ambedkar Konaseema";"T2512081526504342209174";"/uploads/photos/T2512081526504342209174_photo_1765188123.jpg";"/uploads/signature/T2512081526504342209174_signature_1765188123.jpg";"";"2025-12-08 10:02:03";"0000-00-00 00:00:00";""61;"62";"Gummanur sujatha";"2003-05-12";0;"Female";"sravank19134@gmail.com";"8639905892";"Gummanuru jaganath";"863990589223";"Sc";"NIMBAGALLU (v) uravakonda (M)
Anathapuram";2017;"90";2021;"97";2025;"95";"";"Anantapur";"Sravank19134@axl";"/uploads/photos/Sravank19134_axl_photo_1765188292.jpg";"/uploads/signature/Sravank19134_axl_signature_1765188292.jpg";"";"2025-12-08 10:04:52";"0000-00-00 00:00:00";""62;"63";"KUMPATLA NAGA SAI";"2002-08-30";0;"Male";"kumpatlanagasai974@gmail.com";"7993414955";"KUMPATLA VENKATA RAMAKRISHNA";"820942628873";"OC KAPU";"1-41, NEAR VINAYAKA TEMPLE, GANTI PEDAPUDI, GOPALAPURAM, EAST GODAVARI, ANDHRA PRADESH, 533274";2017;"8.8";2021;"61.26";2025;"66";"";"Dr. B. R. Ambedkar Konaseema";"T2512081540351755505698";"/uploads/photos/T2512081540351755505698_photo_1765189356.jpg";"/uploads/signature/T2512081540351755505698_signature_1765189356.jpg";"";"2025-12-08 10:22:36";"0000-00-00 00:00:00";""63;"64";"GONUGUNTLA ASHOK";"2006-03-07";0;"Male";"ashokgonuguntla5@gmail.com";"9110314168";"GONUGUNTLA RAMESH BABU";"429579137808";"Sc";"Door no 4-22 lagadapadu village pedakurapadu mandal palanadu district";2021;"88%";67;"";0;"";"";"Guntur";"079049434866";"/uploads/photos/079049434866_photo_1765190428.jpg";"/uploads/signature/079049434866_signature_1765190428.jpg";"";"2025-12-08 10:40:28";"0000-00-00 00:00:00";""64;"65";"GONUGUNTLA ASHOK";"2006-03-07";0;"Male";"ashokgonuguntla5@gmail.com";"9110314168";"GONUGUNTLA RAMESH BABU";"429579137808";"Sc";"4-29 lagadapadu village pedakurapadu mandal palanadu district";2021;"88%";2023;"66.6";0;"";"";"Guntur";"079049434866";"/uploads/photos/079049434866_photo_1765190822.jpg";"/uploads/signature/079049434866_signature_1765190822.jpg";"";"2025-12-08 10:47:02";"0000-00-00 00:00:00";""65;"66";"KURUVA SAI PRASAD";"2000-04-02";0;"Male";"kuruvasaiprasad1056@gmail.com";"9381000366";"KURUVA LAKSHMI KANTH";"830904996463";"BC-B";"3-364, Kambadahal village,C.Belagal mandal, Kurnool district";2016;"9.2";2018;"92";2022;"74";"";"Kurnool";"T2512081424410362976683";"/uploads/photos/T2512081424410362976683_photo_1765191237.jpg";"/uploads/signature/T2512081424410362976683_signature_1765191237.jpg";"";"2025-12-08 10:53:57";"0000-00-00 00:00:00";""66;"67";"Panthangi Sahitya";"1998-07-07";0;"Female";"sahitya6798@gmail.com";"9490234072";"Panthangi Srinivasarao";"608055553918";"BC";"Dara poornaiah township, near girls hostel, Tiruvuru, Ntr district";2014;"8.5";2016;"8.4";2020;"7.5";"";"Hyderabad";"T2512081611538112209663";"/uploads/photos/T2512081611538112209663_photo_1765191411.jpeg";"/uploads/signature/T2512081611538112209663_signature_1765191411.jpeg";"";"2025-12-08 10:56:51";"0000-00-00 00:00:00";""67;"68";"Jadapa Hemalatha";"2006-07-18";0;"Female";"jhemalathahema02@gmail.com";"7075818389";"Jadapa Bala Gangaiah";"591213249368";"Sc";"Chinthakomma dinne,rasool Palli, harijanawada, door no:1/246.";2021;"98.5%";371;"7.8";2023;"68.4%";"";"YSR Kadapa";"979487602796";"/uploads/photos/979487602796_photo_1765191650.jpg";"/uploads/signature/979487602796_signature_1765191650.jpg";"";"2025-12-08 11:00:50";"0000-00-00 00:00:00";""68;"69";"Panthangi Sahitya";"1998-07-07";0;"Female";"sahitya6798@gmail.com";"9490234072";"Panthangi Srinivasarao";"608055553918";"BC";"Dara poornaiah township, Tiruvuru, Ntr district";2014;"8.5";2016;"8.4";2020;"7.4";"";"Hyderabad";"393474017041";"/uploads/photos/393474017041_photo_1765192066.jpeg";"/uploads/signature/393474017041_signature_1765192066.jpeg";"";"2025-12-08 11:07:46";"0000-00-00 00:00:00";""69;"70";"Jadapa Hemalatha";"2006-07-18";0;"Female";"jhemalathahema02@gmail.com";"7075818389";"Jadapa Bala Gangaiah";"";"Sc";"Chinthakomma dinne, rasool Palli, harijanawada ,door no :1/246";2021;"98.5%";2023;"7.8";2023;"68.4%";"";"YSR Kadapa";"979487602796";"/uploads/photos/979487602796_photo_1765192213.jpg";"/uploads/signature/979487602796_signature_1765192213.jpg";"";"2025-12-08 11:10:13";"0000-00-00 00:00:00";""70;"71";"DASARI MOHANA RANGA";"1981-07-19";0;"Male";"dasarimohanaranga@gmail.com";"9154215872";"Suvarnaraju";"627896638071";"SC";"9-216   Ramavarapu Modi,  Bantumilli, Krishna DT. PIN 521324";1997;"73";2000;"52";2003;"59";"";"Krishna";"T2512081641313639278512";"/uploads/photos/T2512081641313639278512_photo_1765192339.png";"/uploads/signature/T2512081641313639278512_signature_1765192339.png";"";"2025-12-08 11:12:19";"0000-00-00 00:00:00";""71;"72";"SYED SAMEENA";"2007-08-30";0;"Female";"syedsameena354@gmail.com";"6309984258";"SYED SHASHAVALLI";"750767700649";"OC";"POLICE LINE VTC.KAMALAPURAM";2022;"68";2024;"60.7";0;"";"";"Tirupati";"979822988947";"/uploads/photos/979822988947_photo_1765193865.jpg";"/uploads/signature/979822988947_signature_1765193865.jpg";"";"2025-12-08 11:37:45";"0000-00-00 00:00:00";""72;"73";"Boosupalli Lavanya";"2003-05-28";0;"Female";"lavanya707546@gmail.com";"7075461205";"Boosupalli prabhakar";"410276165690";"OC";"2-99,Rekulakunta(V), B.K.S(M), Anathapur(D)";2019;"8.7";2021;"603";28;"66.7";"";"Anantapur";"T2512081711256562243436";"/uploads/photos/T2512081711256562243436_photo_1765194378.png";"/uploads/signature/T2512081711256562243436_signature_1765194378.jpg";"";"2025-12-08 11:46:18";"0000-00-00 00:00:00";""73;"74";"CHEJARLA SAGAR";"2000-01-01";0;"Male";"chejarlasagar32@gmail.com";"9014296747";"CHEJARLA MASTHANAIAH";"455807542663";"SC";"SPSR NELLORE (DISTRICT),
CHEJARLA (MANDALAM),
YETURU (POST),
GALIPALEM (VILLAGE)";2016;"5.3";2018;"48";0;"";"";"Sri Potti Sriramulu Nellore";"SC";"/uploads/photos/SC_photo_1765194439.jpeg";"/uploads/signature/SC_signature_1765194439.jpeg";"";"2025-12-08 11:47:19";"0000-00-00 00:00:00";""74;"75";"SOMPALLI SWATHI";"2002-02-15";0;"Female";"swathisompalli99@gmail.com";"9959075425";"s rajanna";"774796549495";"BCB";"Madanapalli kuravanka annamayya district";2018;"7.0";2020;"8.4";2023;"7.3";"";"Chittoor";"T251208174055672227908";"/uploads/photos/T251208174055672227908_photo_1765195956.jpeg";"/uploads/signature/T251208174055672227908_signature_1765195956.jpeg";"";"2025-12-08 12:12:36";"0000-00-00 00:00:00";""75;"76";"CHEEPURAPU CHANDRAMOULEESWAR REDDY";"1999-12-18";0;"Male";"ccmouliswarreddy1506@gmail.com";"8309051793";"CHEEPURAPU SHIVALINGESWAR REDDY";"265147451253";"OC";"HNO-1-28, PASURAPADU VILLAGE GOSPADU MANDAL NANDYAL DIST";2015;"8.0";2017;"7.85";0;"";"";"Nandyal";"T2512081749458181726109";"/uploads/photos/T2512081749458181726109_photo_1765196626.jpg";"/uploads/signature/T2512081749458181726109_signature_1765196626.jpg";"";"2025-12-08 12:23:46";"0000-00-00 00:00:00";""76;"77";"VELISHETTY HARISH";"1999-09-08";0;"Male";"velishetty.harish@gmail.com";"6300177334";"Velishetty Narsaiah";"208195512902";"BC-D";"H NO 4-27/1
Manakondur Mandal
Utoor
Karimnagar";2015;"7.7";2020;"62.78";2023;"6.58";"";"Hyderabad";"T2512081759070118153785";"/uploads/photos/T2512081759070118153785_photo_1765197111.jpg";"/uploads/signature/T2512081759070118153785_signature_1765197111.jpg";"";"2025-12-08 12:31:51";"0000-00-00 00:00:00";""77;"78";"BOYA VEERENDRA";"2001-06-06";0;"Male";"bveerendrabveerendra52@gmail.com";"9398482084";"B BEEMALINGAPPA";"479032210285";"BCA";"1/10 NEAR BUS STAND MADDIKERA (M) PIN -518385";2016;"7.2";2018;"69%";2025;"69%";"";"Anantapur";"557159786789";"/uploads/photos/557159786789_photo_1765197431.jpg";"/uploads/signature/557159786789_signature_1765197431.jpg";"";"2025-12-08 12:37:11";"0000-00-00 00:00:00";""78;"79";"T ESWARAMMA";"1986-10-06";0;"Female";"bvkmd222@gmail.com";"7780175583";"T VENKATAIAH";"398199847460";"SC MALA";"HNO 77-1056,MUJAFAR NAGAR,KALLUR,KURNOOL,ANDHRA PRADESH-518003";2004;"80";2006;"85";2008;"";"";"Kurnool";"T2512081805547194362735";"/uploads/photos/T2512081805547194362735_photo_1765197511.jpg";"/uploads/signature/T2512081805547194362735_signature_1765197511.jpg";"";"2025-12-08 12:38:31";"0000-00-00 00:00:00";""79;"80";"JAGATHAPPAGARI PRASAD";"1994-10-28";0;"Male";"jprasadarunaritik@gmail.com";"8639589153";"J PULLAIAH";"819014781672";"SC";"Peddakadabur(v)(m)
Kurnool(D)
AP-518323";2010;"82.8";2012;"77.2";2017;"78";"";"Kurnool";"834489545954";"/uploads/photos/834489545954_photo_1765198392.jpg";"/uploads/signature/834489545954_signature_1765198392.jpg";"";"2025-12-08 12:53:12";"0000-00-00 00:00:00";""80;"81";"NESE KUSUMANJALI";"2000-10-02";0;"Female";"nesekusumasuma@gmail.com";"6281944631";"NESE NARAYANASWAMY";"367925788865";"BC B";"1/56 BC COLONY M AGRAHARAM (V) MADDIKERA (M)";2015;"8.8";2018;"8.53";2021;"8.11";"";"Kurnool";"570888797612";"/uploads/photos/570888797612_photo_1765198639.jpg";"/uploads/signature/570888797612_signature_1765198639.jpg";"";"2025-12-08 12:57:19";"0000-00-00 00:00:00";""81;"82";"BOLLIPO SRIVIDYA";"2005-05-11";0;"Female";"bolliposrividya@gmail.com";"7075883396";"BOLLIPO KRUPAKAR";"883737723294";"Sc";"H no 18-122,
Salipeta,
Jangareddygudem (m),
VTC: JANGAREDDYGUDEM ,
WEST GODAVARI (D),
ANDHRA PRADESH (S),
Pincode: 534447.";2020;"84.3";2021;"76.6";0;"";"";"Eluru";"9014596668";"/uploads/photos/9014596668_photo_1765199169.jpg";"/uploads/signature/9014596668_signature_1765199169.jpg";"";"2025-12-08 13:06:09";"0000-00-00 00:00:00";""82;"83";"Kotte prasad";"2001-06-17";0;"Male";"prasad.kotte24@gmail.com";"7416100102";"Kotte yellam";"440741543533";"BC-D";"";2017;"6.5";2019;"55";2022;"7.76";"";"Hyderabad";"T2512081833562375073303";"/uploads/photos/T2512081833562375073303_photo_1765199551.jpg";"/uploads/signature/T2512081833562375073303_signature_1765199551.jpg";"";"2025-12-08 13:12:31";"0000-00-00 00:00:00";""83;"84";"GANGAPALLI ARUNA";"1995-06-05";0;"Female";"arunapalepalli92@gmail.com";"6305722739";"G NARASIMHA REDDY";"794542455140";"OC";"MARAVAKOTHA PALLI,CHILAMATHUR MANDAL,SRI SATHYA SAI(D)
A.P,";2011;"54";2013;"62";2016;"84";"";"Sri Sathya Sai";"189044843585";"/uploads/photos/189044843585_photo_1765199663.jpeg";"/uploads/signature/189044843585_signature_1765199663.jpeg";"";"2025-12-08 13:14:23";"0000-00-00 00:00:00";""84;"85";"Madhapuram Mallikarjuna";"2022-05-22";0;"Male";"abhi.malli9550@gmail.com";"9550382507";"M Gangadhara";"939305358880";"SC(mala)";"Ontikonda village venkatampalli(p),ck palli Mandal,sri Satya sai (D).";2004;"50";2006;"44";2009;"54";"";"Sri Sathya Sai";"T2512081844478195766786";"/uploads/photos/T2512081844478195766786_photo_1765199874.jpg";"/uploads/signature/T2512081844478195766786_signature_1765199874.jpg";"";"2025-12-08 13:17:54";"0000-00-00 00:00:00";""85;"86";"Kundara sandeep Reddy";"2000-03-04";0;"Male";"kundarasr@gmail.com";"8688194665";"K SREENIVASA REDDY";"304975741246";"OC";"5/281A, 
M. V nagar
Allagadda
Nandyal";2015;"8.5";2017;"93.2";2023;"75.5";"";"Nandyal";"T2512081842500409170935";"/uploads/photos/T2512081842500409170935_photo_1765199875.jpg";"/uploads/signature/T2512081842500409170935_signature_1765199875.jpg";"";"2025-12-08 13:17:55";"0000-00-00 00:00:00";""86;"87";"Kotte prasad";"2001-06-17";0;"Male";"prasad.kotte24@gmail.com";"7416100102";"Kotte yellam";"440741543533";"BC-D";"3-87 padmanabunipally, marrikunta,  dubbak mandal siddipet district  telagana 502114";2017;"6.5";2019;"55";2022;"7.76";"";"Hyderabad";"T2512081833562375073303";"/uploads/photos/T2512081833562375073303_photo_1765200268.jpg";"/uploads/signature/T2512081833562375073303_signature_1765200268.jpg";"";"2025-12-08 13:24:28";"0000-00-00 00:00:00";""87;"88";"MANGA PATNAM NAGENDRA KUMAR";"1999-07-10";0;"Male";"mangapatnamluckydevaraj02781@gmail.com";"6302738498";"MANGA PATNAM VENKATESH";"414756023590";"SC-C";"D-NO-4/747,DIGUVAPATNAM COLONY,JAMMALAMADUGU TOWN AND MANDAL,KADAPA DISTRICT,ANDHRA PRADESH-516434";2014;"8.2";2016;"55.5";2019;"8.25";"";"YSR Kadapa";"T2512081852277929816776";"/uploads/photos/T2512081852277929816776_photo_1765200618.jpg";"/uploads/signature/T2512081852277929816776_signature_1765200618.jpg";"";"2025-12-08 13:30:18";"0000-00-00 00:00:00";""88;"89";"CHERUKU NAGESH";"1991-06-20";0;"Male";"cherukunagesh0489@gmail.com";"9763266896";"CHERUKU LINGAIAH";"946090425092";"BC-A RAJAKAR";"H.NO PLOT NO.1358, GURRAM UMA APARTMENT , NEAR SNEHA MODEL SCHOOL, INDRA HILLS , SHAMSHI GUDA, Kukatpally, Hyderabad,PIN - 500072";2010;"51";2007;"53";2013;"61";"";"Hyderabad";"570810535067";"/uploads/photos/570810535067_photo_1765200682.jpeg";"/uploads/signature/570810535067_signature_1765200682.jpeg";"";"2025-12-08 13:31:22";"0000-00-00 00:00:00";""89;"90";"GANGAPALLI ARUNA";"1995-06-05";0;"Female";"arunapalepalli92@gmail.com";"6305722739";"G NARASIMHA REDDY";"794542455140";"OC";"MARAVAKOTHA PALI,CHILAMATHURU MANDAL,SRI SATHYA SAI(D)
ANDHRA PRADESH,515341";2011;"54";2013;"62";2016;"84";"";"Sri Sathya Sai";"585439223770";"/uploads/photos/585439223770_photo_1765200831.jpeg";"/uploads/signature/585439223770_signature_1765200831.jpeg";"";"2025-12-08 13:33:51";"0000-00-00 00:00:00";""90;"91";"C SIVAKUMAR";"2001-10-06";0;"Male";"kcsiva74@gmail.com";"8500839744";"CHITTAPPA";"754744913407";"YADAVAGOLLA";"D NO. 10-236 KENKERA VILLAGE AND POST HEMAVATHI P AMARAPURAM MANDAL MADAKASIRA TQ SRI SATHYA SAI DIST AP 515286";2017;"5.5";2019;"7.5";0;"";"";"Sri Sathya Sai";"T2512081905128609146618";"/uploads/photos/T2512081905128609146618_photo_1765200963.jpeg";"/uploads/signature/T2512081905128609146618_signature_1765200963.jpg";"";"2025-12-08 13:36:03";"0000-00-00 00:00:00";""91;"92";"KOPPULA HEMANTH";"2003-03-14";0;"Male";"koppulah328@gmail.com";"9182494431";"KOPPULA GANGADHAR";"209700890342";"BCB";"3-117
KAPALLA VEEDHI
MADANAPALLI";2019;"9.3";2021;"827";2025;"7.75";"";"Anantapur";"T2512081904337439229971";"/uploads/photos/T2512081904337439229971_photo_1765200981.jpg";"/uploads/signature/T2512081904337439229971_signature_1765200981.jpg";"";"2025-12-08 13:36:21";"0000-00-00 00:00:00";""92;"93";"PUSHPA SANGEETHAMU";"1990-06-07";0;"Female";"push.chinni@gmail.com";"9391906466";"S RAGHUNATH";"938133177968";"SC-B";"9-74/A, GANDHIPURAM VILLAGE, PUDIPATLA POST, TIRUPATI RURAL MANDAL";2005;"75";2007;"88";2010;"69";"";"Tirupati";"T2512081909070303879154";"/uploads/photos/T2512081909070303879154_photo_1765201259.jpeg";"/uploads/signature/T2512081909070303879154_signature_1765201259.jpeg";"";"2025-12-08 13:40:59";"0000-00-00 00:00:00";""93;"94";"KOPPULA HEMANTH";"2003-03-14";0;"Male";"koppulah328@gmail.com";"9182494431";"KOPPULA GANGADHAR";"209700890342";"BCB";"3-117
KAPALLA VEEDHI
MADANAPALLI";2019;"9.3";2021;"827";2025;"7.75";"";"Anantapur";"T2512081909102766088162";"/uploads/photos/T2512081909102766088162_photo_1765201274.jpg";"/uploads/signature/T2512081909102766088162_signature_1765201274.jpg";"";"2025-12-08 13:41:14";"0000-00-00 00:00:00";""94;"95";"N NAGARATHNAMMA";"2002-06-06";0;"Female";"nagubujji627@gmail.com";"9014869200";"NAGARAJU";"493533788428";"BC -A BOYA";"DOOR NO 2-35 AGALI VLLAGE AND POST AGALI MANDAL MADAKASIRA TALUK SRI SATHYA SAI DISTRICT 515311";2017;"6.2";2019;"6.40";2022;"6.70";"";"Sri Sathya Sai";"T2512081911392306530406/UTR253137462220";"/uploads/photos/T2512081911392306530406_UTR253137462220_photo_1765201441.jpeg";"/uploads/signature/T2512081911392306530406_UTR253137462220_signature_1765201441.jpeg";"";"2025-12-08 13:44:01";"0000-00-00 00:00:00";""95;"96";"KOMMALAPATI.ANUSHA";"2004-06-29";0;"Female";"anukommalapati767@gmail.com";"9014579689";"KOMMALAPATI. VENKATASUBBAIAH";"803194261914";"SC";"Poolarangadupalle(Village)
Venkatagiri (Mandal)
Manulalapeta (Post)
Tirupathi (District)";2018;"83%";2019;"70%";2021;"77%";"";"Sri Potti Sriramulu Nellore";"577740647858";"/uploads/photos/577740647858_photo_1765202013.jpg";"/uploads/signature/577740647858_signature_1765202013.jpg";"";"2025-12-08 13:53:33";"0000-00-00 00:00:00";""96;"97";"KOMMALAPATI.ANUSHA";"2004-06-29";0;"Female";"anukommalapati767@gmail.com";"9014579689";"KOMMALAPATI. VENKATASUBBAIAH";"803194261914";"SC";"Poolarangadupalle(Village)
Venkatagiri (Mandal)
Manulalapeta (Post)
Tirupathi (District)";2018;"83%";2019;"70%";2021;"77%";"";"Sri Potti Sriramulu Nellore";"577740647858";"/uploads/photos/577740647858_photo_1765202017.jpg";"/uploads/signature/577740647858_signature_1765202017.jpg";"";"2025-12-08 13:53:37";"0000-00-00 00:00:00";""97;"98";"Nekuri Syam Kumar";"2004-12-13";0;"Male";"shyamkumarnekuri59@gmail.com";"9502291389";"Nekuri Srinu";"Death";"SC";"1-142/1, kotta peta street Kaleru Kapileswarapuram mandal kona seema 533307";2020;"98";2022;"80";0;"";"";"Dr. B. R. Ambedkar Konaseema";"366871987283";"/uploads/photos/366871987283_photo_1765202536.jpeg";"/uploads/signature/366871987283_signature_1765202536.jpg";"";"2025-12-08 14:02:16";"0000-00-00 00:00:00";""98;"99";"BANDI VENKATA KRISHNA";"1998-07-14";0;"Male";"krishnakrish7451@gmail.com";"9010342928";"BANDI GANGARAJU";"637445039889";"BC-B";"7-94,Ramalayam street,chikkala palem,chikkala,chagallu Mandal,West Godavari District,Andhra Pradesh,534305.";2014;"6.70";2016;"92.80%";2020;"62.00%";"";"West Godavari";"393486569429";"/uploads/photos/393486569429_photo_1765202804.jpg";"/uploads/signature/393486569429_signature_1765202804.jpg";"";"2025-12-08 14:06:44";"0000-00-00 00:00:00";""99;"100";"JELLA MANEESHA";"1997-10-19";0;"Female";"maneesharegonda19@gmail.com";"8179846480";"REGONDA SOMAIAH";"983866747109";"BC-B";"10,60, GANDHI NAGAR, THIRUMALAGIRI, SURYAPET, TELANGANA, 508223";2013;"9.7";2015;"96%";2020;"80.01%";"";"Warangal";"T2512081938294944983267";"/uploads/photos/T2512081938294944983267_photo_1765203118.jpg";"/uploads/signature/T2512081938294944983267_signature_1765203118.jpeg";"";"2025-12-08 14:11:58";"0000-00-00 00:00:00";""100;"101";"PUNURI JASWANTH";"2002-04-05";0;"Male";"punurijaswanth@gmail.com";"9553014955";"Punuri Joshibabu";"658916679701";"sc madiga";"h no 8-128 fullarpeta podili village& mandal  Prakasam District  Andhra pradesh 523240";2017;"7.3";2019;"9.20";2023;"70.78";"";"Prakasam";"SMTXTH7W1T6V1IDJAE9P6REX7CZQK2JLLI2";"/uploads/photos/SMTXTH7W1T6V1IDJAE9P6REX7CZQK2JLLI2_photo_1765203212.jpg";"/uploads/signature/SMTXTH7W1T6V1IDJAE9P6REX7CZQK2JLLI2_signature_1765203212.jpg";"";"2025-12-08 14:13:32";"0000-00-00 00:00:00";""101;"102";"BUDDHINA DURGA PRASAD";"2003-07-12";0;"Male";"durgaprasadbuddhana000@gmail.com";"6305268966";"BUDDHINA Nageswara Rao";"Death";"EWS";"0-0/1 Maduthuru village Achuthapuram Mandal Anakapalli District 531011";2020;"98";2022;"80";0;"";"";"Anakapalli";"348423287319";"/uploads/photos/348423287319_photo_1765203304.jpg";"/uploads/signature/348423287319_signature_1765203304.jpg";"";"2025-12-08 14:15:04";"0000-00-00 00:00:00";""102;"103";"A C VARALAKSHMI";"2004-05-14";0;"Female";"varalakshmivaralakshmi828@gmail.com";"9573586922";"A CHIKKANNA";"916763342919";"GOLLA";"17/12,AGOLLAHATTI,MADAKASIRA MANDAL,SRI SATHYA SAI  ANDHRAPRADESH";2019;"8.8";2021;"7.47";2024;"8.36";"";"Tirupati";"423659248942";"/uploads/photos/423659248942_photo_1765203404.jpg";"/uploads/signature/423659248942_signature_1765203404.jpg";"";"2025-12-08 14:16:44";"0000-00-00 00:00:00";""103;"104";"PUNNALA VIJAYANAGA";"1989-08-06";0;"Female";"jyothikrish9@gmail.com";"9502501376";"PUNNALA LINGAIAH";"588684174056";"BC-A RAJAKA";"15-36, New mirjalaguda, Near Hanuman Temple Malkajgiri, Maisamma Pochamma Temple, Hyderabad, pin - 500072";2006;"59";2009;"60";2011;"71";"";"Hyderabad";"570826840121";"/uploads/photos/570826840121_photo_1765203492.jpeg";"/uploads/signature/570826840121_signature_1765203492.jpeg";"";"2025-12-08 14:18:12";"0000-00-00 00:00:00";""104;"105";"PUNURI JASWANTH";"2002-04-05";0;"Male";"punurijaswanth@gmail.com";"9553014955";"Punuri Joshibabu";"658916679701";"sc madiga";"H NO 8-128 FULLARPETA PODILI VILLAGE& MANDAL PRAKASAM DISTRICT ANDHRA PRADESH 523240";2017;"7.3";2019;"9.20";2023;"70.78";"";"Prakasam";"SMTXBEE2U7DCXENPQPA264W2PNNMPYAE6VD";"/uploads/photos/SMTXBEE2U7DCXENPQPA264W2PNNMPYAE6VD_photo_1765203546.jpg";"/uploads/signature/SMTXBEE2U7DCXENPQPA264W2PNNMPYAE6VD_signature_1765203546.jpg";"";"2025-12-08 14:19:06";"0000-00-00 00:00:00";""105;"106";"CHINTAKAYALA AKHILA";"2005-08-04";0;"Female";"chinthakayalaakhila19410@gmail.com";"6301985270";"CHINTAKAYALA ANJANEYALU";"259915526970";"BOYA(BC-A)";"D N 1-184,CHERLOPALLI(VILLAGE),PUTLURU(MANDAL),ANANTAPUR(DIST),ANDHRAPRADESH-515414";2020;"9.8";2022;"64";2026;"";"";"Anantapur";"620260168071";"/uploads/photos/620260168071_photo_1765204130.png";"/uploads/signature/620260168071_signature_1765204130.png";"";"2025-12-08 14:28:50";"0000-00-00 00:00:00";""106;"107";"R SUKANYA";"2004-04-29";0;"Female";"sukanya98990@gmail.com";"8919031432";"p ravi kumar";"742284816685";"vallagi";"1/75,amidalagondi.madakasira mandal,srisathya andhrapradesh";2019;"70";2021;"56.6";2024;"8.36";"";"Tirupati";"889308996978";"/uploads/photos/889308996978_photo_1765205732.png";"/uploads/signature/889308996978_signature_1765205732.jpg";"";"2025-12-08 14:55:32";"0000-00-00 00:00:00";""107;"108";"ADONI SHAIK MOHAMMED GHOUSE";"2003-04-07";0;"Male";"adonishaikmohammedghouse719@gmail.com";"6309536880";"ADONI YUSUF";"979423120865";"BCE";"12/112, PADAMKATIGERI, TADIPATRI-515411, ANANTHAPURAM(DIST), ANDHRA PRADESH";2018;"8.8GPA";2020;"7.29";2025;"";"";"Ananthapuramu";"T2512082018532720423997/ UTR: 486192074645";"/uploads/photos/T2512082018532720423997__UTR__486192074645_photo_1765206200.jpeg";"/uploads/signature/T2512082018532720423997__UTR__486192074645_signature_1765206200.jpeg";"";"2025-12-08 15:03:20";"0000-00-00 00:00:00";""108;"109";"UPPU VENKATESHWAR RAO";"1989-04-11";0;"Male";"uvrays786@gmail.com";"8106402737";"PULLAIAHA";"586422102716";"BC-A";"HNO 2-42,
KRISHNAPURAM, VILLAGE
ULAVAPADU ,MANDAL
SPSR NELLORE DIST
PIN 523292";2006;"72.6";2008;"62.7";2011;"65";"";"Prakasam";"T2512082032286878153081";"/uploads/photos/T2512082032286878153081_photo_1765206539.jpg";"/uploads/signature/T2512082032286878153081_signature_1765206539.jpeg";"";"2025-12-08 15:08:59";"0000-00-00 00:00:00";""109;"110";"GUNDRATHI HARITHA";"2001-12-24";0;"Female";"h85803303@gmail.com";"7901017999";"G CHANDRA SHEKHARA GOUD";"302530383729";"BC-B";"3-31 KONKALA VILLAGE WADDEPALLY MANDAL JOGULAMBA GADWAL DIST";2017;"9.2";2019;"96.8";2024;"8.3";"";"Kurnool";"405133028104";"/uploads/photos/405133028104_photo_1765207211.jpeg";"/uploads/signature/405133028104_signature_1765207211.jpeg";"";"2025-12-08 15:20:11";"0000-00-00 00:00:00";""110;"111";"Jadhav sushmitha";"2003-06-15";0;"Female";"sumansuman1587@gmail.com";"9849383677";"Jadhav baddu";"460535444621";"St";"Heerapur (D) utnoor adilabad telangana 504311";2018;"8.7";2021;"64.8";0;"NA";"";"Adilabad";"T2512082049289049170119";"/uploads/photos/T2512082049289049170119_photo_1765207648.jpg";"/uploads/signature/T2512082049289049170119_signature_1765207648.jpg";"";"2025-12-08 15:27:28";"0000-00-00 00:00:00";""111;"112";"Jadhav sushmitha";"2003-06-15";0;"Female";"sumansuman1587@gmail.com";"9849383677";"Jadhav baddu";"460535444621";"St";"Heerapur (D) utnoor adilabad telangana 504311";2018;"8.7";2021;"64.8";0;"NA";"";"Adilabad";"T2512082049289049170119";"/uploads/photos/T2512082049289049170119_photo_1765207960.jpg";"/uploads/signature/T2512082049289049170119_signature_1765207960.jpg";"";"2025-12-08 15:32:40";"0000-00-00 00:00:00";""112;"113";"PUJARI PRAVALIKA";"2003-12-17";0;"Female";"pujaripravallika@gmail.com";"7075670115";"P MALLIKARJUNA";"358605891512";"BC-D";"C/o:Sandhya rani,
77/1098-2,
Mujaffarnagar kalluru mandal 
Kurnool district 
Andhra pradesh -518003";2019;"95%";0;"84%";0;"";"";"Kurnool";"570821630293";"/uploads/photos/570821630293_photo_1765208151.jpg";"/uploads/signature/570821630293_signature_1765208151.jpg";"";"2025-12-08 15:35:51";"0000-00-00 00:00:00";""113;"114";"POLEBOINA RANI";"1999-01-16";0;"Female";"poleboinarani@gmail.com";"8008692194";"POLEBOINA LAKSHMAIAH";"432057351425";"BC-D";"8-17-204/J241D, Venkateswara colony,8th ward, Giddalur,Prakasam, Andhrapradesh - 523357";2014;"9.0";2016;"89.9";2021;"8.52";"";"Prakasam";"T2512082111529453788804";"/uploads/photos/T2512082111529453788804_photo_1765208588.jpg";"/uploads/signature/T2512082111529453788804_signature_1765208588.jpg";"";"2025-12-08 15:43:08";"0000-00-00 00:00:00";""114;"115";"POLEBOINA RANI";"1999-01-16";0;"Female";"poleboinarani@gmail.com";"8008692194";"POLEBOINA LAKSHMAIAH";"432057351425";"BC-D";"8-17-204/J241D, Venkateswara colony,8th ward, Giddalur,Prakasam, Andhrapradesh - 523357";2014;"9.0";2016;"89.9";2021;"8.52";"";"Prakasam";"T2512082111529453788804";"/uploads/photos/T2512082111529453788804_photo_1765208589.jpg";"/uploads/signature/T2512082111529453788804_signature_1765208589.jpg";"";"2025-12-08 15:43:09";"0000-00-00 00:00:00";""115;"116";"YERRANAGU NIKHITHA";"2004-09-03";0;"Female";"nikithayerranagu@gmail.com";"8106526107";"YERRANAGU SHANKAR";"293712423647";"BC-B PADMASALI";"H.NO 14 , RAJIV GURHAKALPANA , KALLUR VILLAGE AND MANDAL , KURNOOL, PIN CODE 518001
Present Address :- H.No :- 51-980-134 Indira Gandi Nagar , Near Market Yard Kurnool (V& M), Kurnool ,";2021;"93.00%";2023;"70.90%";0;"";"";"Kurnool";"665705226802";"/uploads/photos/665705226802_photo_1765211616.jpg";"/uploads/signature/665705226802_signature_1765211616.jpg";"";"2025-12-08 16:33:36";"0000-00-00 00:00:00";""116;"117";"CHILLAKURU NAGUR BABU";"1992-06-20";0;"Male";"NAGUR16.CHILLAKURU@GMAIL.COM";"9533325544";"CHILLAKURU VENKATASWAMI";"309911792809";"SC";"CHENNUR VILLAGE GUDURU MANDAL TIRUPATI DSTRICT";2008;"68";2016;"80";2015;"54";"";"Sri Potti Sriramulu Nellore";"534244095382";"/uploads/photos/534244095382_photo_1765211667.jpeg";"/uploads/signature/534244095382_signature_1765211667.jpg";"";"2025-12-08 16:34:27";"0000-00-00 00:00:00";""117;"118";"GOLLA HULTY LALITHA";"2003-09-19";0;"Female";"gollalalitha2003@gmail.com";"9573090351";"GOLLA HULTHY PEDDA RAMUDU";"660740145172";"GOLLA (BC-D)";"2-36-1 huse no
Sangala village, c.belagal mamndal, kurnool dt, ANDHRA PRADESH";2020;"95";2022;"64";0;"";"";"Kurnool";"462572281434";"/uploads/photos/462572281434_photo_1765211749.jpeg";"/uploads/signature/462572281434_signature_1765211749.jpeg";"";"2025-12-08 16:35:49";"0000-00-00 00:00:00";""118;"119";"BORIGORLA RAMAMANJANEYULU";"2003-12-31";0;"Male";"ramanjaneyulu.agri@gmail.com";"7569487914";"BORIGORLA TIRUPATHI RAO";"851532391143";"BC-D";"JANARDHANAVARAM VILLAGE
CHATRAI MANDAL
ELURU DISTRICT
ANDHRA PRADESH";2020;"95%";2022;"77%";0;"No";"";"Krishna";"T2512020959379063800213";"/uploads/photos/T2512020959379063800213_photo_1765226766.jpg";"/uploads/signature/T2512020959379063800213_signature_1765226766.jpg";"";"2025-12-08 20:46:06";"0000-00-00 00:00:00";""119;"120";"KAIRAVADI MALLIKARJUN";"1990-04-30";0;"Male";"malliarjun249@gmail.com";"8639991224";"KJANARDHAN";"422682455638";"Tammali(bc-d)";"H NO:2-130.KOTHAKOTA VILLAGE.C.BELAGAL MANDAL KURNOOL DIST 518466";2005;"74";2008;"71";2011;"62";"";"Kurnool";"196994028451";"/uploads/photos/196994028451_photo_1765229454.jpg";"/uploads/signature/196994028451_signature_1765229454.jpg";"";"2025-12-08 21:30:54";"0000-00-00 00:00:00";""120;"121";"MUSALE GOWTHAM RAO";"1988-05-21";0;"Male";"gowthammusale@gmail.com";"8520825857";"Late M. SREENIVASA RAO";"821390294976";"Bhavasara Kshatriya BC-D";"D. No : 33-23-1, KLD ROAD
Jonna Iron mart back side, Papampeta. Anantapur";2003;"80.67%";2005;"74.2%";0;"";"";"Anantapur";"T2512090727011683069335";"/uploads/photos/T2512090727011683069335_photo_1765245668.jpg";"/uploads/signature/T2512090727011683069335_signature_1765245668.jpg";"";"2025-12-09 02:01:08";"0000-00-00 00:00:00";""121;"122";"M Chinna thayappa";"1990-03-01";0;"Male";"thayappa.alawala@gmail.com";"9666847849";"M kistanna";"771141169344";"SC";"Alawala village gonegandla mandal kurnool dist";2005;"68.6";2008;"71.3";2017;"59";"";"Kurnool";"T2512090734357621885613";"/uploads/photos/T2512090734357621885613_photo_1765246096.jpg";"/uploads/signature/T2512090734357621885613_signature_1765246096.jpg";"";"2025-12-09 02:08:16";"0000-00-00 00:00:00";""122;"123";"B SHIVAPPA";"1990-05-04";0;"Male";"bmshiva258@gmail.com";"9704925253";"B DHURGANNA";"249291348839";"BC -A BOYA";"2/9/85 , NERIMETLA Village , Rayampalli post , URAVAKONDA Mandal , Anantapur district , Andhra Pradesh State. Pin : 515812";2005;"70";2008;"53.6";2014;"49";"";"Anantapur";"274348911917";"/uploads/photos/274348911917_photo_1765248975.jpg";"/uploads/signature/274348911917_signature_1765248975.jpg";"";"2025-12-09 02:56:15";"0000-00-00 00:00:00";""123;"124";"G C VANNUR SWAMY";"1989-08-06";0;"Male";"gcvannurswamy@gmail.com";"9704925582";"G RAMANNA";"85062759941";"BC -A . BOYA";"3/70 , Nerimetla village, Rayampalli post, Uravakonda mandal, Anantapur District, Andhra Pradesh State. Pin : 515812";2005;"50";2008;"47";2012;"55";"";"Anantapur";"619306154140";"/uploads/photos/619306154140_photo_1765250158.jpg";"/uploads/signature/619306154140_signature_1765250158.jpg";"";"2025-12-09 03:15:58";"0000-00-00 00:00:00";""124;"125";"PEDASINGU VEERA LAKSHMI";"2003-06-18";0;"Female";"pl1809302@gmail.com";"9000525363";"PEDASINGU VENKATARAMANA";"430914902627";"BC-A";"10-27
Bandalai cheruvu,
Avanigadda (mandal),
Krishna (District),
Pincode:521121,";2018;"9.2";2020;"7.42";2024;"70%";"";"Krishna";"534303148018";"/uploads/photos/534303148018_photo_1765251775.jpg";"/uploads/signature/534303148018_signature_1765251775.jpg";"";"2025-12-09 03:42:55";"0000-00-00 00:00:00";""125;"126";"PEDASINGU VEERA LAKSHMI";"2003-06-18";0;"Female";"pl1809302@gmail.com";"9000525363";"PEDASINGU VENKATARAMANA";"430914902627";"BC-A";"10-27
Bandalai cheruvu,
Avanigadda (mandal),
Krishna (District),
Pincode:521121,";2018;"9.2";2020;"7.42";2024;"70%";"";"Krishna";"534303148018";"/uploads/photos/534303148018_photo_1765251794.jpg";"/uploads/signature/534303148018_signature_1765251794.jpg";"";"2025-12-09 03:43:14";"0000-00-00 00:00:00";""126;"127";"PAMARAJU MADHURI";"2003-07-04";0;"Female";"madhurivarma050@gmail.com";"9347549783";"P L SATYANARAYANA RAJU";"439765227682";"OC";"7-113, Ramalayam Street , Yalluru village , Gospadu Mandal , Nandyal Dist , 518573.";2019;"8.8";2021;"85%";2025;"95%";"";"Nandyal";"159745979572";"/uploads/photos/159745979572_photo_1765251958.jpg";"/uploads/signature/159745979572_signature_1765251958.jpeg";"";"2025-12-09 03:45:58";"0000-00-00 00:00:00";""127;"128";"REDDY LALITHA PARAMESWARI";"1997-07-06";0;"Female";"reddylalitharishika1997@gmail.com";"7032607841";"REDDY VENKATESWARA RAO";"255745739124";"OC";"HNO 2-52 BC COLONY TARTUR VILLAGE JUPADUBUNGALOW MANDAL NANDYAL DIST 518401";2012;"9.3";2014;"87.8";2017;"81.7";"";"Nandyal";"017611056313";"/uploads/photos/017611056313_photo_1765253711.jpg";"/uploads/signature/017611056313_signature_1765253711.jpg";"";"2025-12-09 04:15:11";"0000-00-00 00:00:00";""128;"129";"Goudkhan vidyarani";"2006-08-04";0;"Female";"goudkhanvidyarani@gmail.com";"6302507363";"Goudkhan bhumanna";"382320310105";"BC-D";"Kapparla(V), tamsi(M). Adilabad(D). H. No:3-55";2021;"10GPA";2024;"78.3%";0;"";"";"Adilabad";"129565234982";"/uploads/photos/129565234982_photo_1765254155.jpg";"/uploads/signature/129565234982_signature_1765254155.jpg";"";"2025-12-09 04:22:35";"0000-00-00 00:00:00";""129;"130";"Sana Afreen";"2003-08-08";0;"Female";"afreen0146@gmail.com";"7093901789";"Mohammad Sajida pasha";"972323456071";"Bce";"31-3-577/3sapthagiri colony phase-1,road no-1, waddepally,Hanamakonda,warangal";2018;"8.0";2020;"56";2024;"70";"";"Warangal";"455816699928";"/uploads/photos/455816699928_photo_1765254402.jpeg";"/uploads/signature/455816699928_signature_1765254402.jpeg";"";"2025-12-09 04:26:42";"0000-00-00 00:00:00";""130;"131";"Madhapuram Mallikarjuna";"1989-05-22";0;"Male";"abhi.malli9550@gmail.com";"9550382507";"M Gangadhara";"939305358880";"SC(mala)";"Ontikonda village venkatampalli (p), CK palli Mandal, Sri Satya Sai (D).";2004;"50";2006;"44";2009;"54";"";"Sri Sathya Sai";"T2512081844478195766786";"/uploads/photos/T2512081844478195766786_photo_1765254418.jpg";"/uploads/signature/T2512081844478195766786_signature_1765254418.jpg";"";"2025-12-09 04:26:58";"0000-00-00 00:00:00";""131;"132";"Sana Afreen";"2003-08-08";0;"Female";"afreen0146@gmail.com";"7093901789";"Mohammad Sajid pasha";"972323456071";"Bce";"31-3-577/3 sapthagiri colony phase-1, road no-1, wadded pally Hanamakonda";2018;"80";2020;"56";2024;"70";"";"Warangal";"212824212972";"/uploads/photos/212824212972_photo_1765254571.jpeg";"/uploads/signature/212824212972_signature_1765254571.jpeg";"";"2025-12-09 04:29:31";"0000-00-00 00:00:00";""132;"133";"Sana Afreen";"2003-08-08";0;"Female";"afreen0146@gmail.com";"7093901789";"Mohammad Sajid pasha";"972323456071";"Bce";"31-3-577/3 sapthagiri colony phase-1, road no-1, waddle waddepally hanamkonda";2018;"80%";2020;"56%";2024;"70%";"";"Warangal";"301818168704";"/uploads/photos/301818168704_photo_1765254749.jpeg";"/uploads/signature/301818168704_signature_1765254749.jpeg";"";"2025-12-09 04:32:29";"0000-00-00 00:00:00";""133;"134";"Goudkhan vidyarani";"2006-08-04";0;"Female";"goudkhanvidyarani@gmail.com";"6302507363";"Goudkhan bhumanna";"382320310105";"BC-D";"Kapparla(V), tamsi(M), adilabad(D) H. No:3-55, pincode:504312";2021;"10GPA";2024;"78.3%";0;"-";"";"Adilabad";"129565234982";"/uploads/photos/129565234982_photo_1765254800.jpg";"/uploads/signature/129565234982_signature_1765254800.jpg";"";"2025-12-09 04:33:20";"0000-00-00 00:00:00";""134;"135";"Sana Afreen";"2003-08-08";0;"Female";"afreen0146@gmail.com";"7093901789";"Mohammad Sajid pasha";"972323456071";"Bce";"31-3-577/3 sapthagiri colony phase-1, road no-1, waddepally,Hanamakonda Warangal";2018;"80%";2020;"56%";2024;"70%";"";"Warangal";"769289104464";"/uploads/photos/769289104464_photo_1765254926.jpeg";"/uploads/signature/769289104464_signature_1765254926.jpeg";"";"2025-12-09 04:35:26";"0000-00-00 00:00:00";""135;"136";"Bestha Ashok Kumar";"1992-04-06";0;"Male";"ashokkumar80085@gmail.com";"9701839103";"Eswaraiah";"957252915588";"Bestha";"Dharmavaram";2007;"90";2009;"81";2016;"60";"";"Ananthapuramu";"T2512091020505468167211";"/uploads/photos/T2512091020505468167211_photo_1765255990.jpg";"/uploads/signature/T2512091020505468167211_signature_1765255990.jpg";"";"2025-12-09 04:53:10";"0000-00-00 00:00:00";""136;"137";"Gajula Madhu Babu";"1996-06-10";0;"Male";"gmadhu3833@gmail.com";"9052667961";"Gajula Narayana";"417647089417";"BC.A Boya";"15-72-1";2011;"60";2013;"83";2019;"81";"";"Kurnool";"T2512091025002369564808";"/uploads/photos/T2512091025002369564808_photo_1765256236.jpg";"/uploads/signature/T2512091025002369564808_signature_1765256236.jpg";"";"2025-12-09 04:57:16";"0000-00-00 00:00:00";""137;"138";"Goudkhan sandhyarani";"2003-03-27";0;"Female";"sandhyagoudkan@gmail.com";"9391807260";"Goudkhan bhumanna";"385633519973";"BC-D";"Kapparla(v), tamsi(M), adilabad(D), H.no:3-55 pincode:504312";2018;"7.2GPA";2020;"76.2%";2023;"74%";"";"Adilabad";"248062631237";"/uploads/photos/248062631237_photo_1765256448.jpg";"/uploads/signature/248062631237_signature_1765256448.jpg";"";"2025-12-09 05:00:48";"0000-00-00 00:00:00";""138;"139";"Pothula sarveswar reddy";"2001-05-18";0;"Male";"pothulasarveswarreddy90@gmail.com";"9014553613";"P.Ramakrishna reddy";"204054513634";"OC";"Kakkalapalli (v), Anantapur Andhra Pradesh";2017;"7.8";2019;"5.35";0;"";"";"Anantapur";"041660132319";"/uploads/photos/041660132319_photo_1765257055.jpg";"/uploads/signature/041660132319_signature_1765257055.jpg";"";"2025-12-09 05:10:55";"0000-00-00 00:00:00";""139;"140";"GOOLEPALEM SWATHI";"2002-08-14";0;"Female";"swathisange7@gmail.com";"7286877685";"GOOLEPALEM MALLIKARJUNA GOWD";"328359993148";"VEERASHAIVA LINGAYAT BC-D";"H NO 1-82 O C COLONY VELPUMADUGU VILLAGE VIDAPANAKAL MANDAL ANANTHAPURAMU DIST";2017;"6.8";2019;"6.00";0;"";"";"Anantapur";"557007098457";"/uploads/photos/557007098457_photo_1765258065.jpg";"/uploads/signature/557007098457_signature_1765258065.jpg";"";"2025-12-09 05:27:45";"0000-00-00 00:00:00";""140;"141";"Goudkhan sandhyarani";"2003-03-27";0;"Female";"sandhyagoudkan@gmail.com";"9391807260";"Goudkhan bhumanna";"385643519973";"BC-D";"Kapparla(V), tamsi(M), adilabad(D), H. no:3-55, pincode 504312";2018;"7.2%GPA";2020;"76.4%";2023;"74%";"";"Adilabad";"248062631237";"/uploads/photos/248062631237_photo_1765258307.jpg";"/uploads/signature/248062631237_signature_1765258307.jpg";"";"2025-12-09 05:31:47";"0000-00-00 00:00:00";""141;"142";"NAVGADE SAMIL";"1992-03-16";0;"Male";"navgadesamilsvbrothers@gmail.com";"9391827844";"vathu";"";"BC-D";"2-61/1 THATIPALLI,KOUTALA,KOMARAMBHEEM ASIFABAD,504299";0;"";0;"";0;"";"";"Warangal";"T2512091039526417115609";"/uploads/photos/T2512091039526417115609_photo_1765259025.jpeg";"/uploads/signature/T2512091039526417115609_signature_1765259025.jpeg";"";"2025-12-09 05:43:45";"0000-00-00 00:00:00";""142;"143";"Y M RANGASWAMY";"1986-04-05";0;"Male";"chinnaymranga@gmail.com";"9347715186";"Y SUNKANNA";"736251068823";"ST YERUKALA";"H NO 7-416, TR NAGAR,DHONE,NANDYAL DIST AP STATE PINCODE: 518222";2003;"58%";2005;"68%";2012;"54%";"";"Kurnool";"381896744249";"/uploads/photos/381896744249_photo_1765259082.jpg";"/uploads/signature/381896744249_signature_1765259082.jpg";"";"2025-12-09 05:44:42";"0000-00-00 00:00:00";""143;"144";"EDIGA SRAVANI";"1999-05-13";0;"Female";"edigasravani05@gmail.com";"9390853868";"EDIGA RAVEENDRA";"721561235670";"BC-B EDIGA";"5-300, JALLIPALLI(V), KUDAIR(M), ANANTAPUR(D)-515711";2014;"41";2016;"486";0;"65.75%";"";"Anantapur";"T2512091128421389609287 / 154443708286";"/uploads/photos/T2512091128421389609287___154443708286_photo_1765260222.jpg";"/uploads/signature/T2512091128421389609287___154443708286_signature_1765260222.jpg";"";"2025-12-09 06:03:42";"0000-00-00 00:00:00";""144;"145";"K. H. G. C. BOSE";"1982-01-10";0;"Male";"bose.khgc@yahoo.com";"9908929110";"K. Bhaath";"980103838680";"SC";"H. No: 1-1-981, Opp. Govt. Degree College, Near Shivalayam Temple, Ravindra Nagar, Adilabad, TG  -504001.";1999;"65.83%";2001;"56.90% & 7";2004;"60.00%";"";"Adilabad";"T2512091132014745544907";"/uploads/photos/T2512091132014745544907_photo_1765260727.jpeg";"/uploads/signature/T2512091132014745544907_signature_1765260727.jpg";"";"2025-12-09 06:12:07";"0000-00-00 00:00:00";""145;"146";"SILARBEE SHAIK";"1988-01-05";0;"Female";"silarbheeshaik1@gmail.com";"8143027233";"Shaik Allabakshi";"343836324764";"BC-E";"3-53,inkollu,w/o sattar,inkollu,inkollu                                               prakasam, Andhra Pradesh, pin  523167";0;"57.1/";0;"69.9";0;"70";"";"Bapatla";"152621359821";"/uploads/photos/152621359821_photo_1765261114.jpg";"/uploads/signature/152621359821_signature_1765261114.jpg";"";"2025-12-09 06:18:34";"0000-00-00 00:00:00";""146;"147";"GOLLA CHINNA MANGIREDDY";"1987-09-19";0;"Male";"gollachinnamangireddy2@gmail.com";"9490723597";"GOLLA ADI REDDY";"454311017280";"";"CHOPPAKONDA  PADDENUTHULU DEVIPATNAM ASR 533339";2003;"367";2025;"717";0;"";"";"Alluri Sitharama Raju";"9490723597";"/uploads/photos/9490723597_photo_1765261691.jpg";"/uploads/signature/9490723597_signature_1765261691.jpg";"";"2025-12-09 06:28:11";"0000-00-00 00:00:00";""147;"148";"Yennam Kiran reddy";"2001-03-30";0;"Male";"kiranyennam30@gmail.com";"9392636949";"Yennam Penta reddy";"814889924401";"OC";"H-no-2080,60yads sundar nagar ,suraram colony , Hyderabad, Telangana,500055";2018;"8.2";2020;"819/1000";2024;"8.5";"";"Hyderabad";"534364054733";"/uploads/photos/534364054733_photo_1765262011.jpg";"/uploads/signature/534364054733_signature_1765262011.jpg";"";"2025-12-09 06:33:31";"0000-00-00 00:00:00";""148;"149";"K. H. G. C. BOSE";"1982-01-10";0;"Male";"bose.khgc@yahoo.com";"9908929110";"K. Bhaath";"980103838680";"SC";"H. No: 1-1-981, Opp. Govt. Degree College, Near Shivalayam Temple, Ravindra Nagar, Adilabad, TG  -504001.";1999;"65.83%";2001;"56.90% & 7";2004;"60.00%";"";"Adilabad";"T2512091207218431081676";"/uploads/photos/T2512091207218431081676_photo_1765262518.jpeg";"/uploads/signature/T2512091207218431081676_signature_1765262518.jpg";"";"2025-12-09 06:41:58";"0000-00-00 00:00:00";""149;"150";"SAKRAP ASHOK";"1994-02-13";0;"Male";"sakrapashok6@gmail.com";"9010443323";"SAKRAP BAPANNA";"368212926298";"BC-D";"5-113,AKOLI,JAINATH MANDAL,DISTRIC ADILABAD,TELANGANA,504309";2009;"68%";2011;"68%";2014;"68%";"";"Adilabad";"570960890168";"/uploads/photos/570960890168_photo_1765262560.jpeg";"/uploads/signature/570960890168_signature_1765262560.jpeg";"";"2025-12-09 06:42:40";"0000-00-00 00:00:00";""150;"151";"KODAVATH RAMA NAIK";"2002-07-15";0;"Male";"ramnaikodavath@gmail.com";"7995767692";"MEETE NAIK";"223540882985";"ST";"1-51A PALUTLA VI, YERRAGONDAPALEM MD, MARKAPURAM DIST, AP. 523327";2017;"7.5";2019;"9.55";2024;"8.55";"";"Markapuram";"858861078709";"/uploads/photos/858861078709_photo_1765262736.jpg";"/uploads/signature/858861078709_signature_1765262736.jpg";"";"2025-12-09 06:45:36";"0000-00-00 00:00:00";""151;"152";"KURUBA DAKSHAYANI";"2002-07-02";0;"Female";"kurubadakshayani@gmail.com";"9381028802";"KURUVA VEERAIAH";"393282577129";"BC-B";"47/48, Srihari Township, Suddireddypalle, Kurnool.(518542)";2018;"9.7";2020;"9.6";2025;"8.75";"";"Kurnool";"534305341584";"/uploads/photos/534305341584_photo_1765262793.jpg";"/uploads/signature/534305341584_signature_1765262793.jpg";"";"2025-12-09 06:46:33";"0000-00-00 00:00:00";""152;"153";"M Sankarappa";"1990-07-14";0;"Male";"msankar4161@gmail.com";"6300936747";"M Munivenkatappa";"683996817975";"Sc - Mala";"Gollacheemanapalli village, Lakkanapalli post, Baireddipalli Mandal, Chittoor District, pin 517415, ap";2006;"50%";2008;"83%";2011;"70%";"";"Chittoor";"T2512091206247182530793/ utr no - 608391238096";"/uploads/photos/T2512091206247182530793__utr_no___608391238096_photo_1765263241.jpg";"/uploads/signature/T2512091206247182530793__utr_no___608391238096_signature_1765263241.jpg";"";"2025-12-09 06:54:01";"0000-00-00 00:00:00";""153;"154";"ALLUGUNDU  DHARANI";"2003-04-05";0;"Female";"dharanivismai@gmail.com";"7013861625";"A Venkatanna";"561345069638";"SC";"3-166, Santhosh nagar,  Kurnool, Andhra Pradesh.";2018;"9.2";2020;"9.37";2024;"7.71";"";"Kurnool";"095593331474";"/uploads/photos/095593331474_photo_1765263971.jpg";"/uploads/signature/095593331474_signature_1765263971.jpg";"";"2025-12-09 07:06:11";"0000-00-00 00:00:00";""154;"155";"SHAIK SHAREENA";"2005-11-07";0;"Female";"shareenas617@gmail.com";"9392832812";"SHAIK YAKUB PASHA";"965951518874";"SHAIK BC E";"HNO 5-194 NEMALIPURI VILLAGE KAMEPALLY MANDAL KHAMMAM DIST TELANGANA STATE PIN 507122";2021;"10";2023;"8.29";0;"";"";"Khammam";"001817968407";"/uploads/photos/001817968407_photo_1765264131.jpeg";"/uploads/signature/001817968407_signature_1765264131.jpg";"";"2025-12-09 07:08:51";"0000-00-00 00:00:00";""155;"156";"SIDAM VENKATESH";"1995-05-18";0;"Male";"venkysidam2662@gmail.com";"9908659630";"VISHWANATH";"324378915999";"ST (GOND)";"5-164/4 Teachers colony ichoda, ICHODA.M ADILABAD.DST
PIN.504307";2011;"76.33";2013;"63.9";2022;"73.77";"";"Adilabad";"T2512091232268784775127";"/uploads/photos/T2512091232268784775127_photo_1765264371.jpg";"/uploads/signature/T2512091232268784775127_signature_1765264371.jpg";"";"2025-12-09 07:12:51";"0000-00-00 00:00:00";""156;"157";"CHAVALAM RAGHUVARAN";"1990-06-01";0;"Male";"raghuvaran466334@gmail.com";"9493466334";"subbarao";"802859423847";"(ST) KOYA";"1-182 PEDDAGOTAALAREVU  STREET  RAMPA CHODAVARAM .RAMPACHODAVARAM ASR  DIST 533288";2006;"45";2008;"42";2012;"45";"";"Alluri Sitharama Raju";"9493466334";"/uploads/photos/9493466334_photo_1765266018.jpg";"/uploads/signature/9493466334_signature_1765266018.jpg";"";"2025-12-09 07:40:18";"0000-00-00 00:00:00";""157;"158";"Routhu karthik";"2002-01-26";0;"Male";"karthikrouthu0126@gmail.com";"9392786028";"Routhu lachaiah";"874915152320";"BC-D";"Pothepally 1-18 Bejjur , komarambheem (asifabad)";2018;"9.2";2020;"9.3";2023;"7.6";"";"Hyderabad";"695476435069";"/uploads/photos/695476435069_photo_1765266299.png";"/uploads/signature/695476435069_signature_1765266299.jpg";"";"2025-12-09 07:44:59";"0000-00-00 00:00:00";""158;"159";"Velpugonda sai srujan Goud";"1999-06-28";0;"Male";"saisrujan393@gmail.com";"9963465370";"Velpugonda Durga goud";"776155695617";"BC-B";"Kadloor (v) Tekmal (M) Medak (Dist) Telangana";2015;"8.0";2017;"7.5";2022;"7.0";"";"Medak";"T2512091303164680576457";"/uploads/photos/T2512091303164680576457_photo_1765266453.jpg";"/uploads/signature/T2512091303164680576457_signature_1765266453.jpg";"";"2025-12-09 07:47:33";"0000-00-00 00:00:00";""159;"160";"SIKHA NAVA TEJ";"1997-07-16";0;"Male";"navatejapp@gmail.com";"0807424212";"SIKHA UDAYA BHASKAR";"686915073604";"SC MADIGA";"110 A Sector 7 Steel Plant Township UKKUNAGARAM VISAKHAPATNAM 530032 ANDHRA PRADESH";17;"83";28;"57.9";29;"54";"";"Anakapalli";"710217242142";"/uploads/photos/710217242142_photo_1765266644.jpg";"/uploads/signature/710217242142_signature_1765266644.jpg";"";"2025-12-09 07:50:44";"0000-00-00 00:00:00";""160;"161";"BANDARU KISHORE";"1988-08-08";0;"Male";"kishorebharathi2016@gmail.com";"8186934287";"B. SWAMANNA";"237657534020";"BC-B, KURUVA";"1-58, paipalem(v), miduthur(M), Nandikotkur (Taluk), Nandyal(Dist).";2003;"75.6%";2005;"76%";2011;"58%";"";"Kurnool";"709921396703";"/uploads/photos/709921396703_photo_1765266652.jpg";"/uploads/signature/709921396703_signature_1765266652.jpg";"";"2025-12-09 07:50:52";"0000-00-00 00:00:00";""161;"162";"Munisekhar Kethari";"1988-08-11";0;"Male";"ketharimunisekhar@gmail.com";"9505678573";"Radha Krishnaiah K";"534755910620";"SC-C";"Santhaveluru";2004;"72.6";2006;"52.6";2009;"62";"";"Tirupati";"703976979089";"/uploads/photos/703976979089_photo_1765267463.jpg";"/uploads/signature/703976979089_signature_1765267463.jpg";"";"2025-12-09 08:04:23";"0000-00-00 00:00:00";""162;"163";"N RAJESH BABU";"1991-06-02";0;"Male";"nrajesshbhabu@gmail.com";"9493894928";"N NARAYANAPPA";"552528506952";"BC - A";"#5-45 KYAMPURAM 
HARESAMUDRAM 
MADAKASIRA
SRI SATYA SAI (DISTRICT)
PIN CODE 515301";2006;"64.5";2009;"83.5";2014;"7.1";"";"Sri Sathya Sai";"604972185582";"/uploads/photos/604972185582_photo_1765267630.jpeg";"/uploads/signature/604972185582_signature_1765267630.jpeg";"";"2025-12-09 08:07:10";"0000-00-00 00:00:00";""163;"164";"Munisekhar Kethari";"1988-08-11";0;"Male";"ketharimunisekhar@gmail.com";"9505678573";"Radha Krishnaiah K";"534755910620";"SC-C";"Santhaveluru(village & post), Varadaiahpalem(mandal), Tirupati(dt). Pin : 517645";2004;"72.6";2006;"52.6";2009;"62";"";"Tirupati";"096291487579";"/uploads/photos/096291487579_photo_1765267941.jpg";"/uploads/signature/096291487579_signature_1765267941.jpg";"";"2025-12-09 08:12:21";"0000-00-00 00:00:00";""164;"165";"SHAIK MURTHUJA VALI";"2002-07-29";0;"Male";"shaikvalli3723@gmail.com";"6303583411";"SHAIK SAIBA";"300819468178";"EWS";"H NO 2-13, SREEPATHIRAO PETA VILLAGE, INDIRESWARAM POST, ATMAKUR MANDAL, NANDYAL DIST, ANDHRA PRADESH, PINCODE 518422";2017;"63";2019;"65.1";2025;"63";"";"Nandyal";"542610592053";"/uploads/photos/542610592053_photo_1765268020.jpg";"/uploads/signature/542610592053_signature_1765268020.jpg";"";"2025-12-09 08:13:40";"0000-00-00 00:00:00";""165;"166";"CHAVALAM RAGHUVARAN";"1990-06-01";0;"Male";"raghuvaran466334@gmail.com";"9493466334";"subbarao";"802859423847";"(ST) KOYA";"1-182 peddagottalarevu street rampa chodavaram asr dist 533288";2006;"45";2008;"42";2012;"45";"";"Alluri Sitharama Raju";"T2512091309267887087244";"/uploads/photos/T2512091309267887087244_photo_1765268410.jpg";"/uploads/signature/T2512091309267887087244_signature_1765268410.jpg";"";"2025-12-09 08:20:10";"0000-00-00 00:00:00";""166;"167";"AZMEERU RAJESH";"2003-04-15";0;"Male";"azmeerrajesh94@gmail.com";"9494936707";"AZMEERU SRINU";"86822396244";"ST";"4-30 MAKKAPETA THURPU BZAR ANDHRA  PRADESH 521190";2019;"8.3";2021;"177";0;"";"";"Guntur";"534307331050";"/uploads/photos/534307331050_photo_1765268814.jpeg";"/uploads/signature/534307331050_signature_1765268814.jpeg";"";"2025-12-09 08:26:54";"0000-00-00 00:00:00";""167;"168";"BANOTH PRASADNAIK";"1993-03-05";0;"Male";"krish.rms0@gmail.com";"9550517356";"B LALU NAIK";"340290132750";"SUGALI-ST";"10-73-1 BODISANIPALLI VILLAGE VJARAKARUR MANDAL ANANTAPUR DISTRICT AP 515832";2008;"50.1";2014;"76.2";2017;"61.7";"";"Anantapur";"109822984342";"/uploads/photos/109822984342_photo_1765269374.jpg";"/uploads/signature/109822984342_signature_1765269374.jpg";"";"2025-12-09 08:36:14";"0000-00-00 00:00:00";""168;"170";"Mala Sudhakar";"2000-10-22";0;"Male";"malasudhakar76@gmail.com";"8897489404";"Mala Muniswamy";"733796018126";"SC (Mala)";"H.no-1/4, Gudur main road, near RTC complex, Kalugotla (Vi), Yemmiganur (M), Kurnool (Di.), Andhra Pradesh, Pincode: 518360";2016;"78.85%";2018;"76.70%";2022;"75%";"";"Hyderabad";"T2512091404302272994767";"/uploads/photos/T2512091404302272994767_photo_1765270075.jpg";"/uploads/signature/T2512091404302272994767_signature_1765270075.jpg";"";"2025-12-09 08:47:55";"0000-00-00 00:00:00";""169;"171";"DUDEKULA CHINNA DASTHAGIRI";"1996-06-13";0;"Male";"dastagiridudekula1996@gmail.com";"7986282057";"D.KHAJA HUSSAIN";"487859419480";"BC-B DUDEKULA";"12-582-1 4th cross ,Sai Nagar, Anantapuram -515001.";2012;"78%/7.8";2014;"81%";2019;"64%";"";"Anantapur";"UTR:330394697404";"/uploads/photos/UTR_330394697404_photo_1765270569.jpg";"/uploads/signature/UTR_330394697404_signature_1765270569.jpg";"";"2025-12-09 08:56:09";"0000-00-00 00:00:00";""170;"174";"BONTHALA SWAROOPA";"1990-09-12";0;"Female";"gummulachinnaiah@gmail.com";"9177449887";"BONTHALA SHANKER";"795840372890";"BCA ( GOONDLA)";"2-37/1  VILL AKKAPUR  MD NIRMAL DIST  NIRMAL  PIN 504106";2006;"79.5%";2008;"58.9%";0;"";"";"Adilabad";"T2512091458288801363202";"/uploads/photos/T2512091458288801363202_photo_1765273146.jpg";"/uploads/signature/T2512091458288801363202_signature_1765273146.jpg";"";"2025-12-09 09:39:06";"0000-00-00 00:00:00";""171;"175";"BONTHALA SWAROOPA";"1990-09-12";0;"Female";"gunnulachinnaiah@gmail.com";"9177449887";"BONTHALA SHANKER";"795840372890";"BCA  GOONDLA";"2-47/1  VILL AKKAPUR  MD NIRMAL  DIST NIRMAL PIN 504106";2006;"79.5%";2008;"58.9%";0;"";"";"Adilabad";"257882370309";"/uploads/photos/257882370309_photo_1765274084.jpg";"/uploads/signature/257882370309_signature_1765274084.jpg";"";"2025-12-09 09:54:44";"0000-00-00 00:00:00";""172;"176";"HULTHI CHANDRA SEKHAR";"1996-06-15";0;"Male";"ruchandu888@gmail.com";"9966833495";"H.PEDDA KESANNA";"230298895295";"BC-D";"H NO:2-35-4,
sangala village,
c.belagal mandal,
kurnool district.";2011;"71";2013;"72";2016;"65";"";"Kurnool";"aakas70132811@barodampay";"/uploads/photos/aakas70132811_barodampay_photo_1765274451.jpg";"/uploads/signature/aakas70132811_barodampay_signature_1765274451.jpg";"";"2025-12-09 10:00:51";"0000-00-00 00:00:00";""173;"177";"Nune Bhavani";"2003-08-05";0;"Female";"nunebhavani3@gmail.com";"7382407211";"Nune Subbarao";"654501459508";"OC";"Varagani, Guntur, Andhra Pradesh, 522235";2018;"9.0";2020;"7.3";2024;"70";"";"Bapatla";"393523667442";"/uploads/photos/393523667442_photo_1765276639.jpg";"/uploads/signature/393523667442_signature_1765276639.jpg";"";"2025-12-09 10:37:19";"0000-00-00 00:00:00";""174;"178";"N Devaraju";"1987-04-02";0;"Male";"n4342971@gmail.com";"7981293355";"K Narasappa";"991177652048";"SC.madiga";"K.Sivaram village Amarapuram Mandal Anantapuram % Sree Satya Sai District AP Pin 515286 Door no 5/63";2004;"55.5%";2006;"48%";2009;"48%";"";"Sri Sathya Sai";"UTR: 264226287617";"/uploads/photos/UTR__264226287617_photo_1765278755.png";"/uploads/signature/UTR__264226287617_signature_1765278755.png";"";"2025-12-09 11:12:35";"0000-00-00 00:00:00";""175;"179";"Erra Madhav";"2002-04-16";0;"Male";"madhav16th@gmail.com";"9550682615";"Erra Ramesh";"7347 1033 9256";"BC-A";"H. No:- 2-98/1
Village :- Metlachittapur
Mandal :- Metpally 
District :- Jagtial (Telangana )";2017;"9.2";2019;"8.74";2023;"7.47";"";"Nizamabad";"534375886097  and 534376024254";"/uploads/photos/534375886097__and_534376024254_photo_1765280414.jpg";"/uploads/signature/534375886097__and_534376024254_signature_1765280414.jpg";"";"2025-12-09 11:40:14";"0000-00-00 00:00:00";""176;"180";"UGILA PRASAD REDDY";"1998-06-12";0;"Male";"pr629196@gmail.com";"9391508067";"U ANIL REDDY";"455682045724";"OC";"H No: 8-45 RAMNAGAR ADILABAD TELANGANA 504001";2014;"6.5%";2016;"55.5%";0;"NA";"";"Adilabad";"059119907046";"/uploads/photos/059119907046_photo_1765280503.jpg";"/uploads/signature/059119907046_signature_1765280503.jpeg";"";"2025-12-09 11:41:43";"0000-00-00 00:00:00";""177;"181";"BOYA KRISHNAVENI";"2006-04-26";0;"Female";"boyaprasad518395@gmail.com";"7013598340";"BOYA PRASAD";"264316334798";"BC A VALMIKI BOYA";"1-13
MARAKATTU VILLAGE
MARAKATTU POST
ALUR MANDALAM
KURNOOL DIST 518395";2022;"54.5";2024;"63.2";0;"";"";"Kurnool";"103983191553";"/uploads/photos/103983191553_photo_1765281106.jpg";"/uploads/signature/103983191553_signature_1765281106.jpg";"";"2025-12-09 11:51:46";"0000-00-00 00:00:00";""178;"182";"C BALARAJU";"2002-02-09";0;"Male";"cbalaji9494@gmail.com";"6300606495";"CHITTAPPA";"560462883433";"BC-D GOLLA";"10-236 KENKERA VILLAGE AMARAPURAM MANDAL SRI SATHYASAI DIST 515286";2017;"6.0";2019;"50.9";2023;"57";"";"Sri Sathya Sai";"678248734063";"/uploads/photos/678248734063_photo_1765281279.jpeg";"/uploads/signature/678248734063_signature_1765281279.jpeg";"";"2025-12-09 11:54:39";"0000-00-00 00:00:00";""179;"183";"BUCHI RAMYASREE";"2002-04-26";0;"Female";"ramyasree7702@gmail.com";"7702946510";"B PRABAKAR";"618342120819";"BCB";"Madanapalli eguvakuravanka annamayya district";2018;"8.2";2020;"6.9";2023;"7,8";"";"Chittoor";"T2512091453132406074285";"/uploads/photos/T2512091453132406074285_photo_1765283507.jpeg";"/uploads/signature/T2512091453132406074285_signature_1765283507.jpeg";"";"2025-12-09 12:31:47";"0000-00-00 00:00:00";""180;"184";"KURUVA ARUNA";"2007-06-28";0;"Female";"guruc9749@gmail.com";"9177885054";"KURUVA NAGARAJU";"521198749325";"BC-B";"D NO4/569 HATHIBELGALU
ALUR MANDAL
KURNOOL DIST 
ANDHRA PRADESH PIN 518395";2022;"54.33";2024;"72.4";0;"";"";"Kurnool";"534319424833";"/uploads/photos/534319424833_photo_1765283859.jpeg";"/uploads/signature/534319424833_signature_1765283859.jpeg";"";"2025-12-09 12:37:39";"0000-00-00 00:00:00";""181;"185";"GADDEM VENKATA SUBBANNA";"1984-07-02";0;"Male";"gvsubbanna1984@gmail.com";"9030797919";"GADDEM NARASIMHULU";"529499560867";"SC-B";"7-2603-1,SANJEEVA NAGAR PRODDATUR KADAPA";2000;"56%";2002;"51.3";2005;"59%";"";"YSR Kadapa";"T2512091807584682994238";"/uploads/photos/T2512091807584682994238_photo_1765284037.jpg";"/uploads/signature/T2512091807584682994238_signature_1765284037.jpg";"";"2025-12-09 12:40:37";"0000-00-00 00:00:00";""182;"186";"GADDEM VENKATA SUBBANNA";"1984-07-02";0;"Male";"gvsubbanna1984@gmail.com";"9030797919";"GADDEM NARASIMHULU";"529499560867";"SC-B";"7-2603-1,sanjeevanagar, proddatur, YSR kadapa";2000;"56%";2002;"51.3";2005;"59%";"";"YSR Kadapa";"T2512091807584682994238/737929398091";"/uploads/photos/T2512091807584682994238_737929398091_photo_1765284636.jpg";"/uploads/signature/T2512091807584682994238_737929398091_signature_1765284636.jpg";"";"2025-12-09 12:50:36";"0000-00-00 00:00:00";""183;"187";"MUTTEM VENKATASIRISHA";"1995-06-25";0;"Female";"muttemsarisisha629@gmail.com";"9346222703";"MUTTEM NANNA RAO";"970804198608";"ST VALMIKI";"ACHANTA NAGARA ARAKU VILLAGE AND POST DUMBRIGUDA MANDAL ASR DISTRICT PIN 531151";2012;"6.7";2014;"64";2020;"80";"";"Alluri Sitharama Raju";"T2512091817333708018554";"/uploads/photos/T2512091817333708018554_photo_1765284993.jpg";"/uploads/signature/T2512091817333708018554_signature_1765284993.jpg";"";"2025-12-09 12:56:33";"0000-00-00 00:00:00";""184;"188";"PERUMANDLA ANUSHA";"2004-10-23";0;"Female";"perumandhalaanusha@gmail.com";"9502046432";"PERUMANDLA POCHAIAH";"486442675751";"ST";"7-11 dubbalagudem, pedda nakkalapeta,Dharmapuri Dist: jagtiyal Telangana 505425";2020;"8.2";2022;"468";0;"";"";"Karimnagar";"Anusha@2005";"/uploads/photos/Anusha_2005_photo_1765285659.jpg";"/uploads/signature/Anusha_2005_signature_1765285659.jpg";"";"2025-12-09 13:07:39";"0000-00-00 00:00:00";""185;"189";"MUTTEM VENKATASIRISHA";"1995-06-25";0;"Female";"muttemsarisisha629@gmail.com";"9346222703";"MUTTEM NANNA RAO";"560411599719";"ST VALMIKI";"ACHANTA NAGAR ARAKU VILLAGE AND POST DUMBRIGUDA MANDAL ASR DISTRICT";2012;"6.7";2014;"64";2020;"80";"";"Alluri Sitharama Raju";"T2512091839320461113795";"/uploads/photos/T2512091839320461113795_photo_1765285804.jpg";"/uploads/signature/T2512091839320461113795_signature_1765285804.jpg";"";"2025-12-09 13:10:04";"0000-00-00 00:00:00";""186;"190";"PERUMANDLA ANUSHA";"2004-10-23";0;"Female";"perumandhalaanusha@gmail.com";"9502046432";"PERUMANDLA POCHAIAH";"486442675751";"ST";"7-11 dubbalagudem pedda nakkalapeta Dharmapuri Dist, jagital Telangana 505425";2020;"8.2";2022;"468";0;"No";"";"Karimnagar";"Anusha@2005";"/uploads/photos/Anusha_2005_photo_1765285928.jpg";"/uploads/signature/Anusha_2005_signature_1765285928.jpg";"";"2025-12-09 13:12:08";"0000-00-00 00:00:00";""187;"191";"PERUMANDLA ANUSHA";"2004-10-23";0;"Female";"perumandhalaanusha@gmail.com";"9502046432";"PERUMANDLA POCHAIAH";"486442675751";"ST";"7-11 dubbalagudem pedda nakkalapeta Dharmapuri Dist, jagital Telangana 505425";2020;"8.2";2022;"468";0;"No";"";"Karimnagar";"Anusha@2005";"/uploads/photos/Anusha_2005_photo_1765285945.jpg";"/uploads/signature/Anusha_2005_signature_1765285945.jpg";"";"2025-12-09 13:12:25";"0000-00-00 00:00:00";""188;"192";"EDIGA SRILEKHA";"1999-06-01";0;"Female";"srilekhaediga1970@gmail.com";"6302598306";"E.VENUGOPAL";"497776458996";"BC -B";"H.NO.8-140-14-6-1
RTC Bus Stand Back side
Near Bharat gas,Dhone,Nandhyal dt.";2014;"90";2016;"93";2023;"75";"";"Kurnool";"534374740859";"/uploads/photos/534374740859_photo_1765285961.jpeg";"/uploads/signature/534374740859_signature_1765285961.jpeg";"";"2025-12-09 13:12:41";"0000-00-00 00:00:00";""189;"193";"EDIGA SRILEKHA";"1999-06-01";0;"Female";"srilekhaediga1970@gmail.com";"6302598306";"E.VENUGOPAL";"497776458996";"BC -B";"H.NO.8-140-14-6-1
RTC Bus Stand Back side
Near Bharat gas,Dhone,Nandhyal dt.";2014;"90";2016;"93";2023;"75";"";"Kurnool";"534325039603";"/uploads/photos/534325039603_photo_1765286262.jpeg";"/uploads/signature/534325039603_signature_1765286262.jpeg";"";"2025-12-09 13:17:42";"0000-00-00 00:00:00";""190;"194";"MUTTEM VENKATASIRISHA";"1995-06-25";0;"Female";"muttemsarisisha629@gmail.com";"9346222703";"MUTTEM NANNA RAO";"560411599719";"ST VALMIKI";"ACHANTA NAGAR ARAKU VILLAGE AND POST DUMBRIGUDA MANDAL ASR DISTRICT PIN 531151";2012;"6.7";2014;"64";2020;"80";"";"Alluri Sitharama Raju";"T2512091847511704431372";"/uploads/photos/T2512091847511704431372_photo_1765286307.jpg";"/uploads/signature/T2512091847511704431372_signature_1765286307.jpg";"";"2025-12-09 13:18:27";"0000-00-00 00:00:00";""191;"195";"MOGILI MAHESHWARI";"2001-04-16";0;"Female";"SULTHANAKUMARA359@GMAIL.COM";"7981645277";"MOGILI MUTHAIAH";"985108483445";"ST";"H NO 9-7-36, GANESH NAGAR, SIRCILLA, DIST; RAJANNA SIRCILLA, PINCODE 505301";2016;"9.2";2018;"86.7";2021;"9.75";"";"Karimnagar";"534300935468";"/uploads/photos/534300935468_photo_1765287871.jpg";"/uploads/signature/534300935468_signature_1765287871.jpg";"";"2025-12-09 13:44:31";"0000-00-00 00:00:00";""192;"196";"T ESWARAMMA";"1986-10-06";0;"Female";"bvkmd222@gmail.com";"7780175583";"T VENKATAIAH";"398199847460";"SC MALA";"";2001;"80";2005;"60";2008;"58";"";"Kurnool";"T2512091913562087887840";"/uploads/photos/T2512091913562087887840_photo_1765288215.jpg";"/uploads/signature/T2512091913562087887840_signature_1765288215.jpg";"";"2025-12-09 13:50:15";"0000-00-00 00:00:00";""193;"197";"Sugali Chandanasree";"2000-08-20";0;"Female";"schandanasree@gmail.com";"6281503347";"Sugali Nagesh";"554883136091";"ST ( SUGALI)";"4 959B Papampeta kalyanadurgam road, Anantapur, Andhrapradesh-515004";2015;"9.7";2017;"94.6";2022;"85.8";"";"Anantapur";"080440721469";"/uploads/photos/080440721469_photo_1765288242.jpg";"/uploads/signature/080440721469_signature_1765288242.jpg";"";"2025-12-09 13:50:42";"0000-00-00 00:00:00";""194;"198";"RENU HARISH";"1999-08-02";0;"Male";"renuharish1999@gmail.com";"9182793145";"RENU SRINIVAS";"935956087183";"BC";"H NO : 3-84/2 JEEDICHENU VILL BHATPALLY, MNDL KAGAZNAGAR, DIST KUMARAMBHEEM ASIFABAD PINCODE : 504296.";2015;"55";2017;"50";2021;"50";"";"Karimnagar";"534345936889";"/uploads/photos/534345936889_photo_1765290029.jpeg";"/uploads/signature/534345936889_signature_1765290029.jpg";"";"2025-12-09 14:20:29";"0000-00-00 00:00:00";""195;"199";"T PRADEEPKUMAR";"1997-06-17";0;"Male";"PRADEEPKUMART1997@GMAIL.COM";"7702042030";"THIPPESWAMY";"360778960616";"BC-D (VEERASHIVA LINGATH)";"9/47 GUDDADHAHALLI VILLEGE GUDIBANDA MANDAL SAI SATHYA SAI DT 515271";2012;"75%";2014;"60%";2017;"65%";"";"Sri Sathya Sai";"T2512092112170076442487";"/uploads/photos/T2512092112170076442487_photo_1765295499.jpg";"/uploads/signature/T2512092112170076442487_signature_1765295499.jpg";"";"2025-12-09 15:51:39";"0000-00-00 00:00:00";""196;"200";"Gayakwad Ghanshyam";"1990-08-17";0;"Male";"Ghanshyamagri@gmail.com";"8143434641";"Gayakwad Pundaleek";"344301631381";"Sc";"House no: 3-36/1, Village: kommuguda, Post : Dhorpally, Mandal : Sirpur T District: Kumrambheem Asifabad, Pincode:504299";2007;"82.83";2009;"68.1";2014;"70.01";"";"Adilabad";"T2512092136228505544684/037193746014";"/uploads/photos/T2512092136228505544684_037193746014_photo_1765296632.jpg";"/uploads/signature/T2512092136228505544684_037193746014_signature_1765296632.jpg";"";"2025-12-09 16:10:32";"0000-00-00 00:00:00";""197;"201";"R SUSEELAMMA";"1996-06-15";0;"Female";"kanthpharma@gmail.com";"8217336073";"RANGAPPA";"200820523884";"BC-D (GOLLA)";"R.SUSEELAMMA W/O K.KANTHARAJU, H.NO:11-12, D.Gollahatti (V), K.Gundumala (P),Madakasira (M), Sri Sathya Sai District,AP.";2011;"55.5";2013;"59.1";2016;"60.72";"";"Sri Sathya Sai";"T2512092206485178914823";"/uploads/photos/T2512092206485178914823_photo_1765299263.jpeg";"/uploads/signature/T2512092206485178914823_signature_1765299263.jpeg";"";"2025-12-09 16:54:23";"0000-00-00 00:00:00";""198;"202";"Siva naik kelavathu";"1988-07-11";0;"Male";"sivanaikkelavathu88@gmail.com";"9502424023";"Kelavathu Lakshma Naik";"577427574785";"St. (Sugali )";"Bhatrupalem (villege)
Dachepalli(mandalam)
Palnadu(D)";2003;"57.1";2006;"54.3";2009;"52.3";"";"Palnadu";"672115009274";"/uploads/photos/672115009274_photo_1765299938.jpg";"/uploads/signature/672115009274_signature_1765299938.jpg";"";"2025-12-09 17:05:38";"0000-00-00 00:00:00";""199;"203";"PUNDIKURA CHANDRAKALA";"2001-09-16";0;"Female";"pundikurachandrakala@gmail.com";"9022220939";"PUNDIKURA KRISHNA REDDY";"355478618950";"OBC";"5-34.
b c colony,
VTC: Vidapanakal,
PO: Vidapanakal,
Sub District: Vidapanakal,
District: Ananthapuramu
State: Andhra Pradesh,
PIN Code: 515870,";2017;"9.7";2019;"10.0";2024;"7.93";"";"Anantapur";"195936097567";"/uploads/photos/195936097567_photo_1765300725.jpg";"/uploads/signature/195936097567_signature_1765300725.jpg";"";"2025-12-09 17:18:45";"0000-00-00 00:00:00";""200;"204";"R SUSEELAMMA";"1996-06-15";0;"Female";"kanthpharma@gmail.com";"8217336073";"RANGAPPA";"200820523884";"BC-D (GOLLA)";"R.SUSEELAMMA W/O K.KANTHARAJU, H.NO:11-12, D.GOLLAHATTI (V), K.GUNDUMALA (P), MADAKASIRA (M), SRI SATHYA SAI (DT),AP";2011;"55.5";2013;"59.1";2016;"60.72";"";"Sri Sathya Sai";"T2512092301111146942451";"/uploads/photos/T2512092301111146942451_photo_1765301606.jpeg";"/uploads/signature/T2512092301111146942451_signature_1765301606.jpeg";"";"2025-12-09 17:33:26";"0000-00-00 00:00:00";""